,predictions
0,588285.0020989854
1,588285.0020989854
2,368612.1309343908
3,370016.89749097486
4,599542.9567143483
5,624322.5889595066
6,265143.93029966915
7,161164.89245080983
8,524686.336587069
9,150106.68128611392
10,536443.2957875599
11,459838.45268556394
12,470840.0646287234
13,170717.51308361173
14,292827.3758844746
15,639092.1947288028
16,920265.9874178978
17,632455.5277052642
18,548712.274439176
19,230353.06561600172
20,592422.4093117452
21,325474.25415445643
22,1437009.8484405167
23,278078.39018874045
24,134405.7585949077
25,204352.75399457023
26,570440.2122255169
27,246246.280143089
28,435128.1570570058
29,106704.5293849128
30,549447.837695747
31,569204.7854986942
32,537677.4014462078
33,697911.7547587104
34,884938.8780973941
35,738160.4907868627
36,94022.28928536375
37,532679.6670795596
38,1285041.6573340679
39,355355.7728113445
40,186322.72734916455
41,556023.9136283473
42,520460.39346861315
43,355867.131467414
44,498749.1129623543
45,416600.3152709409
46,884866.4530497872
47,471928.90488512104
48,732428.4019228212
49,458736.6688006724
50,194591.9822826296
51,939830.1620519917
52,570118.7083044293
53,255193.0314752002
54,701701.233102067
55,482280.9592450807
56,570395.714273479
57,858996.1636126951
58,357173.9850880533
59,421351.9726126973
60,547992.7086474783
61,430250.78676715435
62,487067.0779066166
63,1188405.0474909134
64,903670.4169387756
65,340946.68650614924
66,1036152.0791550366
67,585708.4246859682
68,290209.7828609656
69,600348.9350979436
70,776281.2435568125
71,558037.4114080033
72,1007273.310560827
73,-87187.13637157518
74,357692.12002858974
75,795153.3317822806
76,865003.4121122962
77,293904.2147101528
78,513129.83886329026
79,256626.895349505
80,609479.327917541
81,706362.0858556855
82,495968.9154589473
83,869395.3096919501
84,903181.1654751211
85,315298.6384954351
86,822127.6002339259
87,358025.8623361868
88,54668.612672659685
89,452812.57030581206
90,342588.6200101167
91,444368.84820939146
92,444368.84820939146
93,594519.0372729393
94,282371.9072751348
95,682479.4985012085
96,405744.9672701977
97,289423.4588340606
98,173574.26105786522
99,686979.620675828
100,294580.44697087037
101,775281.6628574765
102,94827.50498251629
103,253048.50097481103
104,-104877.42871553393
105,534321.7102673826
106,950125.5657724837
107,421806.320553271
108,436705.58653564856
109,295781.36127705534
110,669851.7245166217
111,1740490.0723025743
112,849311.9882617696
113,314668.73856450885
114,197134.8471446092
115,331357.2207438244
116,448146.0273187469
117,1097592.679301072
118,421300.79967944615
119,204855.65710130625
120,485064.84419213596
121,639000.5116731665
122,1058890.644597021
123,411466.1328115334
124,687016.6887295019
125,238842.19826968142
126,245325.21517105622
127,469145.02995303355
128,258896.31619280216
129,283734.1865720473
130,316564.2491834295
131,142868.00477364694
132,374933.145783519
133,505976.84641471587
134,342114.84479970194
135,585514.4144817343
136,826255.2501352363
137,394225.80226616387
138,275597.8099624376
139,711943.3111632381
140,448847.9098099129
141,889820.7747578389
142,258167.69708092988
143,549364.8068797049
144,459298.9712907319
145,318978.7205936926
146,321310.79188493185
147,683846.8711059691
148,287895.9607389845
149,484948.7540224291
150,374922.0128996266
151,428484.92168418586
152,717841.9387978833
153,686001.3299631741
154,859091.9872248081
155,602959.2217447279
156,463500.57279386965
157,417579.9082571446
158,358362.7087059432
159,546875.0235066899
160,599337.4957646508
161,659207.1182876973
162,383532.8831090842
163,534415.116332481
164,313246.32208920794
165,513943.45163224393
166,552157.8046930673
167,411957.84560376767
168,537404.9147717623
169,1287617.9482926843
170,220450.30892734823
171,394172.510879533
172,471011.94587505574
173,477322.92199074884
174,482091.4812727218
175,631177.5825016183
176,222200.39985929301
177,453189.33312978654
178,152531.34576592536
179,479560.0692242199
180,1046680.8552675421
181,843073.2590781051
182,843757.6955211927
183,682433.6522735775
184,1660998.4991284893
185,461514.7431728615
186,801468.8546568191
187,171607.98541457264
188,478937.9589182645
189,237287.41419382335
190,372006.8343809516
191,641758.2508689904
192,474291.260772379
193,474291.260772379
194,357316.71712914936
195,490891.1042302345
196,247116.02012692753
197,494878.76237774466
198,377020.31653116585
199,599500.229085551
200,296947.89096988493
201,191256.55614961067
202,545229.3576707361
203,732370.039427216
204,901275.8713442885
205,241691.75699480402
206,301681.4898528544
207,435306.37377931003
208,1065666.778862008
209,258197.66035946098
210,106048.53241062362
211,547188.4380409383
212,677666.368153748
213,219241.490698428
214,293942.2468468844
215,757058.3051599922
216,408765.0463650195
217,675616.1870246219
218,1285482.6602467983
219,273965.2333653419
220,446167.1364447017
221,820601.6481226386
222,321894.2494000235
223,1270963.5728591029
224,612530.7182843561
225,436544.1673498665
226,763625.3372463885
227,288039.17755726434
228,244506.11917601142
229,643698.1161508482
230,555374.026576456
231,1066898.033364762
232,628215.0315088875
233,224365.6214812909
234,220007.19991821155
235,590066.9778674444
236,506794.69716193166
237,597427.8859771575
238,354643.6551017781
239,700325.5247330134
240,520842.09591693163
241,230390.97264393594
242,461492.7275057136
243,319917.56827151787
244,509557.16993510106
245,599477.5957534617
246,156571.76809388178
247,505114.6972740727
248,371211.67185949546
249,729629.5167285734
250,532470.1673051316
251,683619.4688058618
252,609006.1039725755
253,222816.65356749424
254,306640.53922512627
255,437522.0640300313
256,663888.5742235762
257,362861.2276558274
258,594708.3132857505
259,485578.5098440737
260,307433.30865097593
261,950418.5406324893
262,555347.4623007678
263,699536.4666044031
264,319049.11498523585
265,729072.4595179599
266,682891.0929299312
267,167582.05923742184
268,2287061.6708846805
269,485549.74558897235
270,1064616.650936538
271,1147280.4689041432
272,169764.1111390643
273,752687.8833963264
274,511173.41050004226
275,352695.56063306134
276,840432.7703924245
277,373482.9695883788
278,676578.7864699647
279,979279.2101179695
280,1021072.1670633847
281,819856.8207194357
282,249292.1291341401
283,239407.59045636177
284,507486.78284376103
285,924111.7008739541
286,17058.546315434738
287,309024.2595071726
288,181939.4754059642
289,383978.52592431
290,35553.54793681344
291,35553.54793681344
292,840692.7632726097
293,159996.63298237778
294,339384.70158518234
295,596543.8749905826
296,811574.172106048
297,561946.0884892343
298,873214.3340603757
299,428105.4245171241
300,536511.8785424988
301,312907.09638553846
302,118011.92502393888
303,900764.3104275296
304,784275.1758201035
305,445364.17079373694
306,1042541.0305875047
307,597270.3919950792
308,265231.72979225067
309,153307.13675984985
310,1395027.304509121
311,1135379.0558788604
312,23903.972250164486
313,23903.972250164486
314,23903.972250164486
315,84071.88396235916
316,722338.3013286913
317,467799.8826993556
318,830821.5066036818
319,656543.2387394687
320,525438.1112829553
321,212717.61951406684
322,537440.5219454915
323,269061.95961752965
324,195148.16890194674
325,400000.3784844562
326,308559.18833366956
327,287291.8739139192
328,395121.3093898237
329,487738.3071171631
330,-52145.42499606591
331,385681.2936349689
332,537124.0282481915
333,61828.977014007396
334,510767.19116218423
335,511071.75874028134
336,447614.89676343405
337,460322.4339636717
338,310611.0312150299
339,961003.3532555065
340,616574.0623967083
341,134459.13916350517
342,810609.844913409
343,585901.4303666131
344,236964.42657350807
345,356589.68749460543
346,397263.9229998122
347,708988.5954133946
348,775447.4318241916
349,405170.5685656931
350,765066.5050822907
351,308752.74669799756
352,473291.75698055525
353,492271.4015521024
354,223211.68001643743
355,290363.1544190539
356,521733.9393852303
357,1542380.4626162401
358,1026808.592889882
359,1002175.4855921139
360,513868.90557555796
361,406236.2306506407
362,456330.9632609176
363,628644.5334463845
364,321987.68024565757
365,759256.281648497
366,793929.8871849469
367,1664341.2962413342
368,295272.9803722644
369,354129.704571891
370,777138.0579919558
371,296469.71216163144
372,156213.15414789796
373,464511.30280454725
374,389726.8015134438
375,700150.3975886184
376,854659.8582199671
377,501332.4957525813
378,379630.34261093324
379,314184.7690898626
380,551232.3983213565
381,494791.52931179537
382,757083.2005040067
383,282205.8989287609
384,471926.4874100761
385,480478.25813773426
386,478248.61606849066
387,888132.5565686716
388,844882.9190250932
389,1332193.9543832159
390,234737.36305754993
391,1097777.260162841
392,780433.5942453087
393,601216.6720107481
394,297550.79799067427
395,366738.8373489763
396,738448.9473702457
397,299049.62811096373
398,702084.0215673611
399,613026.8900312836
400,934206.5354058595
401,296019.09278064047
402,744310.4458687148
403,352721.83678460156
404,305878.9322752153
405,343494.7031322209
406,700848.2006031199
407,426070.1615810933
408,406894.04957352893
409,419935.38859081466
410,612541.2524537108
411,225170.85341355682
412,627055.4088143079
413,808379.6822513392
414,193097.4652464817
415,525751.5094442446
416,85645.60646071809
417,1066156.5797566143
418,458058.38100497087
419,787687.3872131404
420,730815.6354515731
421,808765.0844891303
422,748328.0939328858
423,679000.9460012064
424,290334.4478393643
425,242536.7521456302
426,646332.5181090055
427,226011.14638558205
428,478181.2601216157
429,533561.8313346364
430,369290.6942487332
431,952816.587200106
432,383842.8167480944
433,879735.2166026133
434,490304.24995747104
435,463651.69193748443
436,727374.1781075326
437,830529.4275209467
438,353002.89064713626
439,637636.8690857721
440,498013.1218199426
441,512770.85184699215
442,581067.0391337097
443,372707.6935475847
444,913507.1274873874
445,482663.96628520184
446,486707.50236608146
447,383570.24229478196
448,501551.108416502
449,190560.3954150962
450,300010.2133137974
451,922379.0143619258
452,722110.9222553401
453,754930.5563995118
454,1187686.8697717474
455,353478.89096640924
456,305530.58327559603
457,432461.8358853465
458,549350.8547337177
459,255292.1179761506
460,638997.8729716282
461,87774.20545073936
462,827524.0817739611
463,143178.903651327
464,256686.74855187826
465,625109.4309048242
466,1346189.229013653
467,695620.5589794159
468,458675.6061632467
469,649242.5705179182
470,461894.11802820803
471,587979.49904733
472,221251.96300327464
473,614036.4364641357
474,614036.4364641357
475,417448.82131035917
476,546530.080820623
477,1735943.1860728236
478,329699.5600015075
479,323938.2540092111
480,857277.7772479147
481,402135.3376333931
482,389130.3889757177
483,390461.7077849597
484,564654.2315057536
485,563302.5087317006
486,741837.4235172173
487,334114.5401272051
488,593860.2289648404
489,789757.7773045461
490,984061.697724609
491,468220.5717697571
492,71295.35156574554
493,242699.3148431218
494,358256.9266669614
495,436097.97385383595
496,764397.9590150901
497,621534.1882957207
498,422676.50905658945
499,441069.701453752
500,382048.69188705285
501,633528.1954079586
502,567417.221719951
503,499361.8439609684
504,462687.16641769244
505,408503.34046217555
506,744178.4065555633
507,460486.0914181032
508,346547.6103306372
509,512755.7339373926
510,382722.5735934089
511,328917.2464506383
512,352537.76038329385
513,562929.9915002206
514,737730.7576987123
515,316964.62114601873
516,581611.7096318448
517,62985.55378883693
518,348140.3436513172
519,1069058.3366698665
520,170081.6735265724
521,278083.7999301908
522,609239.1824328782
523,583069.2089677801
524,528659.4195731817
525,712201.9119858848
526,615047.6080476724
527,744743.5904604775
528,428641.69824636576
529,401017.91157861997
530,338223.41802394285
531,378230.6793031896
532,638522.2672768716
533,631681.4882893983
534,350915.8926933921
535,466232.3855551438
536,333684.500201773
537,954431.1759723454
538,714150.6891576218
539,364970.879576658
540,247087.4545023985
541,689601.7080018587
542,698031.067513171
543,559365.7630157446
544,537200.746255084
545,738232.9172293703
546,384449.44542792963
547,539277.0207891733
548,1294686.6886861566
549,421570.03853998205
550,143200.68138621293
551,174533.2497416915
552,179352.3202271365
553,219060.2758273509
554,748720.2053928919
555,163014.78448367317
556,449890.4133115123
557,223799.83711934963
558,563943.3167824579
559,531296.4071992663
560,427710.3823508002
561,505196.45708432456
562,505196.45708432456
563,633415.8021905957
564,863720.0347864617
565,655514.6528648728
566,681977.1738537537
567,686775.9185936706
568,545864.151922183
569,1157784.4041127847
570,515885.31545309245
571,317836.90621436306
572,178228.94243695948
573,623499.7352902145
574,413193.86375705467
575,445589.4225961688
576,753487.5840293361
577,180225.5901461764
578,227030.72379993077
579,508982.9920744513
580,724245.8542661659
581,620626.9954844961
582,777529.759278867
583,184160.53890715016
584,267189.08664293645
585,365041.95409441635
586,512152.62905187544
587,398282.41322546673
588,450194.06310266757
589,600902.1582391717
590,423789.855755889
591,309448.50819621433
592,301422.4548686369
593,394987.4628703507
594,315916.5722695786
595,642928.8995632996
596,77755.49913057208
597,144323.22123144043
598,838171.2448237789
599,546508.0709748514
600,506246.9558687882
601,678337.6510670545
602,199003.00914220733
603,345248.70491633855
604,589996.5132077931
605,1292885.073597564
606,161178.2195594149
607,1254632.4538524216
608,153311.91196999478
609,1704794.1436386243
610,523996.13195762306
611,209146.11375187885
612,1681088.2613728112
613,650218.136515638
614,990758.7550523764
615,586569.762185891
616,314843.0690671237
617,285221.9129008545
618,337347.0255934369
619,519434.7421576617
620,555073.196435101
621,814742.5986155526
622,393638.15949515335
623,529862.5704086801
624,394312.24639626325
625,507105.6421277261
626,715876.3674539143
627,326855.69889294624
628,598147.5911263366
629,1020038.200783729
630,416037.95169741043
631,500185.00608999666
632,208221.65944112942
633,515817.41699533735
634,486138.81858587
635,546631.5429363229
636,261968.12236686598
637,313128.8080341
638,414117.08573982853
639,306705.8871208854
640,594447.7091808204
641,446806.843631233
642,637619.0591063407
643,328786.69291769003
644,125127.48353658558
645,740094.2670019771
646,578964.7420205123
647,592894.7402376471
648,731525.2717833774
649,370603.27514204977
650,506355.8813038069
651,1292524.4548056643
652,538836.2247940724
653,174869.88502052205
654,574855.7601753379
655,272160.533180019
656,155215.64041516196
657,340845.31416262116
658,477663.4960663252
659,1263262.5075845197
660,297280.0959327853
661,582200.0318634171
662,1029228.9636651865
663,721931.7730531843
664,411948.039047581
665,446344.4796436486
666,745201.4453206795
667,741896.7658577577
668,826558.1697391045
669,209202.15413520893
670,1340732.210042194
671,330510.41355210484
672,981879.5674929166
673,601348.6746343708
674,233827.0677747439
675,414420.4741965282
676,299780.2171757753
677,452875.18901850365
678,616547.2930949252
679,788064.9848957969
680,654564.5401499717
681,375905.384495122
682,682469.9836753946
683,279372.19364351116
684,409893.71278946067
685,446950.0031254912
686,247305.73737340223
687,445548.7726334409
688,430961.99065071053
689,577926.2933764452
690,1670436.670371355
691,401213.31217526796
692,304064.6446155404
693,408916.0130735022
694,311534.9719859214
695,505958.61086236674
696,447180.9214724804
697,486343.83795104
698,275217.8479699661
699,720634.7188927432
700,342864.1313745448
701,337056.2329393333
702,317175.40713911655
703,471076.8174595124
704,421661.0947424538
705,1745454.673551579
706,277509.53126566287
707,688875.6678527474
708,336317.253545659
709,559647.9800168689
710,295516.07365627855
711,725600.4680729519
712,832107.1203534744
713,254918.66990103468
714,937224.8061243858
715,729932.828739426
716,370189.01094533
717,540652.2917933302
718,307176.820901452
719,930952.1756579614
720,534718.1348825436
721,694121.9295363423
722,808745.0886884687
723,305882.75140835776
724,283107.0977764792
725,554521.9676536088
726,566939.1376881251
727,411254.34082257573
728,309041.94174057094
729,491353.7438427865
730,439467.9211291167
731,289269.681683289
732,419954.70363212365
733,768143.8140223649
734,801832.5170368241
735,676549.3845327819
736,437304.39824792685
737,375532.12219716085
738,513186.65664604737
739,474761.78498534684
740,343064.21639993286
741,553199.6735721299
742,8893.388523728587
743,542613.1691179165
744,580846.9027667328
745,344768.4404910273
746,524160.34254721145
747,982908.7229212698
748,439546.72975591745
749,402665.2095629488
750,540873.0378328372
751,693151.9401427278
752,232411.36118687724
753,681107.6754365655
754,418432.026952386
755,765993.3265796966
756,525836.4677915141
757,547219.6208078823
758,455978.57510101364
759,162522.10337130527
760,1029320.0035957088
761,614374.2729397999
762,-52638.757605255116
763,567139.331857527
764,437127.43552297854
765,524785.1646690868
766,790586.9663942534
767,1055892.9209614913
768,339669.20832994126
769,95182.54349638557
770,557136.2079550867
771,403431.67104228784
772,590055.3058208864
773,407151.1751131987
774,282196.88170397945
775,522629.66272544244
776,662933.983784661
777,600493.7407964637
778,353815.28391319036
779,1039431.9003272936
780,393190.725930947
781,1008091.863651265
782,760113.7599582745
783,952812.4414598005
784,365005.06441311736
785,1465044.1817852575
786,375556.19055431
787,328995.3144577864
788,572758.5429696379
789,845870.5337732503
790,486584.58689637564
791,282242.67120048136
792,617273.6460963526
793,848367.169823212
794,47573.94461712369
795,335359.0129553786
796,579112.9341132079
797,853260.8371564647
798,270576.50621650566
799,344708.53961645847
800,212898.71856287902
801,392200.56699929654
802,73825.50223165366
803,663106.5042551329
804,449467.68419254443
805,321853.8297501429
806,392174.9900629764
807,857086.8412073393
808,982036.1782238233
809,200831.70888518856
810,519832.82484174997
811,1478197.8272307375
812,247893.64631735987
813,703139.6750475442
814,297905.66345202096
815,565369.5501912608
816,267960.5830400778
817,216712.16693898814
818,264028.43172186066
819,769893.1689608461
820,235558.38139161828
821,1168634.9634144162
822,213770.13383949467
823,329208.9296967968
824,662779.2123964635
825,564899.9913090741
826,287599.6171037931
827,472292.7351757259
828,511075.8202191469
829,499478.5594468267
830,962063.99764137
831,730379.5396367045
832,547133.4525394154
833,203839.22735325864
834,349263.4729172491
835,302907.94889230246
836,342944.35237777454
837,500916.62391227146
838,363987.15571980306
839,379744.24612648075
840,841015.8229440247
841,302417.8981210225
842,495616.2162334068
843,764921.8239135257
844,369940.55637351645
845,520644.40628945443
846,555310.6220920869
847,491870.27639781137
848,883320.8679226182
849,563356.8216758402
850,375182.59936700354
851,329892.05252756004
852,539184.058908462
853,440278.6546311382
854,701981.1461460785
855,416722.80393901316
856,1608118.4378687236
857,719234.0334611811
858,446582.07047286734
859,588831.7159243402
860,377876.9192278598
861,330657.40272462985
862,961861.8910664156
863,423665.63491415314
864,732492.0891001275
865,517565.3942044551
866,542816.3623446053
867,438461.2739107689
868,740309.9397146931
869,631157.4970318828
870,345026.5668306636
871,669894.868476346
872,413837.445469309
873,771464.9022366022
874,270446.49521790526
875,333264.0874072582
876,100238.62811089179
877,474523.2864625986
878,252945.68840434693
879,591918.182677582
880,385198.3236697413
881,307745.8812041151
882,197725.43414851197
883,355840.5726285771
884,389174.7361337774
885,396892.9470981221
886,114439.45701871638
887,575775.4527262062
888,336956.409533708
889,428096.678262605
890,536517.9094820659
891,177978.01368014433
892,500236.2473099722
893,1083573.7001423286
894,456964.0142468397
895,903245.5357240374
896,269412.18735655176
897,204210.8958465947
898,654919.8980658479
899,832598.7789731751
900,461221.31619951164
901,346092.79883211467
902,400535.167613129
903,580115.4462884044
904,297014.59622319613
905,901849.4469491356
906,964485.5413811068
907,478294.58926831407
908,477558.0614605114
909,2240526.7475968944
910,1427580.237909588
911,524746.7508370361
912,1085924.8826771025
913,330880.26579807966
914,726264.5416239564
915,697417.0797783615
916,1406187.2850825745
917,458289.48383071844
918,1876945.7385923793
919,1012578.5608975639
920,344480.98640476854
921,330499.3717461858
922,446963.2850587979
923,292580.14269281307
924,436313.0474640854
925,288291.1428496152
926,565101.9874531351
927,575001.2152514736
928,226018.96296216443
929,372350.24539983657
930,275895.74687023263
931,338110.8547716079
932,448365.93540575926
933,367564.81576322496
934,308382.80957922747
935,328061.26629839523
936,1440644.1597663937
937,409730.24412857497
938,228314.16722844692
939,604591.471170314
940,379362.75259557075
941,321661.40892067726
942,445135.1157944518
943,338991.70574576186
944,338991.70574576186
945,440270.2269851115
946,566139.9873877523
947,591430.3544806173
948,825493.1795879315
949,488968.2069044175
950,883225.6546973084
951,602798.2333017789
952,134557.23773395142
953,503612.679372738
954,411811.6630969712
955,262359.6776500911
956,366048.90800806845
957,521418.53803051345
958,1029048.1849373119
959,750148.7237043515
960,302590.1741848417
961,271359.6240038028
962,763141.8591842394
963,350770.9926790063
964,510056.5131582095
965,434608.40001722507
966,1181204.083701143
967,540936.365963414
968,471804.68844582664
969,796762.9029522504
970,499764.83889938204
971,645765.7041177839
972,318906.12905606406
973,397469.281908112
974,298436.8413360432
975,263022.99206006865
976,1488120.2941398607
977,409915.1176257237
978,434659.2376900263
979,413465.6395843221
980,227231.2803313966
981,169191.57965724997
982,737282.8628832322
983,474020.25399969786
984,597903.6582759273
985,973908.7258161068
986,448195.8753735727
987,383587.3543581107
988,509807.5137304013
989,301090.79416642745
990,284141.19903844
991,1074582.696011648
992,715191.9832009088
993,142408.95444725
994,137397.74677090638
995,467392.53941636684
996,489874.00177945674
997,1386874.1585526871
998,1054894.7790394207
999,354841.8077056821
1000,137526.82144466706
1001,830554.1948996076
1002,535420.4235289417
1003,272662.00562782784
1004,390775.5380292941
1005,427144.7587946305
1006,113715.52009924653
1007,461118.15476187516
1008,371415.1692024508
1009,524111.81009415176
1010,390281.6379449499
1011,525571.5068948477
1012,1996054.9205316086
1013,342032.3565248101
1014,969198.3685431053
1015,432721.61952849186
1016,784384.3827599158
1017,710855.2377344443
1018,318712.51280097186
1019,474485.36942995095
1020,461118.8025304257
1021,280886.0827272729
1022,323910.56933479954
1023,888346.5318726721
1024,465205.68804903503
1025,428717.1756907058
1026,773812.6254408382
1027,571610.6969373851
1028,574725.4121157619
1029,946047.6257054714
1030,279714.4877902522
1031,185594.3653182109
1032,798648.6916905657
1033,237192.9913883271
1034,856148.9397413792
1035,262784.70258102973
1036,425307.647316693
1037,823172.0502337209
1038,1665010.713036086
1039,841654.2410145897
1040,575250.4769333747
1041,604359.3754091385
1042,487269.6530330571
1043,874285.6591558718
1044,582585.9399779296
1045,513786.81746191264
1046,420165.8170679492
1047,560666.3554632472
1048,323905.0523696133
1049,580336.1416745655
1050,304781.14110208384
1051,533263.2931704597
1052,413329.8435660893
1053,597125.0123125032
1054,341945.4551770879
1055,271840.03809142753
1056,666422.9183049294
1057,453810.6003402617
1058,303033.31711476704
1059,441647.9369750557
1060,625546.5371196348
1061,369832.7584871937
1062,327059.7074499399
1063,359366.86866185383
1064,382129.460307062
1065,274813.6544784488
1066,312889.83389715326
1067,993581.1409278336
1068,514702.6267241979
1069,252216.17066444282
1070,493478.8290897623
1071,209594.10447446362
1072,782035.6197004801
1073,747552.5783390972
1074,299998.112134779
1075,634297.2329397396
1076,1507370.700520521
1077,951662.9068705506
1078,240965.18497437227
1079,512567.49763513857
1080,343714.6265248371
1081,251204.660304563
1082,357479.60525367234
1083,627638.0508239385
1084,293432.2432116064
1085,1061768.3876451738
1086,343071.22291720833
1087,524960.112966623
1088,613348.210583687
1089,-362175.177869231
1090,316311.5501066885
1091,433466.2753595571
1092,1224386.0439528362
1093,335118.038663939
1094,830744.5255895898
1095,288199.7443056194
1096,283708.126493025
1097,471560.3759224367
1098,405952.41888739925
1099,512278.00939273566
1100,507730.45372677164
1101,295586.4052122127
1102,852318.1195409236
1103,850423.5662101771
1104,272574.33286442223
1105,602121.6980348608
1106,277643.77941973775
1107,317308.0790201748
1108,216263.92383673636
1109,281019.9674317803
1110,904684.0826300372
1111,423251.78578230005
1112,1142853.3450002004
1113,221111.92317616253
1114,714565.3084459881
1115,538997.7759546448
1116,376035.4305436852
1117,689753.9066342447
1118,722627.317918101
1119,1893484.5139298574
1120,503166.31068461936
1121,442875.1390595004
1122,1257747.7220055568
1123,475753.22917127365
1124,1629367.5871761572
1125,817414.1735018796
1126,781784.8313825176
1127,239976.82552220405
1128,379251.73408362933
1129,168001.84740308824
1130,467816.3286364294
1131,186562.23323028244
1132,236977.97261963307
1133,724756.0317596627
1134,400931.8255936572
1135,305420.12530087645
1136,646577.9865093372
1137,1592060.142805607
1138,512104.71008856024
1139,526446.10335829
1140,339033.9231893314
1141,572227.5477918972
1142,1111489.4944631113
1143,233384.82811700518
1144,596969.1884851466
1145,383455.039020497
1146,330288.80233712576
1147,908037.9235228928
1148,529785.0077752109
1149,225624.50105220068
1150,306831.1517965725
1151,562644.120858898
1152,576092.4226455019
1153,580693.6147866122
1154,363428.0652133272
1155,476083.79006253893
1156,442818.46759335755
1157,640344.6628628018
1158,301075.3375675435
1159,518130.9094972034
1160,312427.32829017926
1161,965445.6096795524
1162,458416.7617595225
1163,211917.29979694856
1164,971257.2394789293
1165,2053918.8630147558
1166,395182.8728186373
1167,329806.70945953426
1168,414634.82279446383
1169,513821.7040765876
1170,1120200.6753415894
1171,980599.2148136782
1172,398644.59825882653
1173,284049.65405305324
1174,226262.3755133791
1175,695556.1715855253
1176,198953.33907842927
1177,238886.03009571333
1178,189216.85942076275
1179,380571.8875870594
1180,319611.9578707091
1181,782148.0491504768
1182,261622.12362647883
1183,571196.8747041003
1184,414254.575483421
1185,217051.011229606
1186,195164.04510806373
1187,2255383.14408848
1188,322666.0017807359
1189,385746.18679744855
1190,283970.8637136497
1191,140482.4665100359
1192,1526643.6326063508
1193,492533.60281733645
1194,428304.4620399411
1195,584331.8241163675
1196,472619.8646105052
1197,223487.23820681835
1198,395425.0280837758
1199,509126.2952353264
1200,638872.6522333015
1201,440259.54361067514
1202,712074.172773166
1203,418752.7409832479
1204,521078.1743623604
1205,712736.0170324269
1206,288621.58243104385
1207,228645.99426175782
1208,207092.70980367402
1209,336214.54574847
1210,318308.6118927951
1211,475408.09117175604
1212,488140.2188354874
1213,671494.8174513347
1214,237252.26963611192
1215,579957.140836741
1216,619014.3113138588
1217,438807.30221910065
1218,-20002.846365661477
1219,671966.4917274202
1220,335449.2421689412
1221,1123074.1284389892
1222,886853.784678423
1223,458522.39596071315
1224,459607.6686675417
1225,373171.91574050684
1226,839669.6655877532
1227,307813.3633015187
1228,187747.2989429558
1229,1179747.286393093
1230,895952.9873027598
1231,557336.9221613643
1232,528933.5752249846
1233,516426.2712534255
1234,118516.25436126941
1235,549957.210209583
1236,648872.311633591
1237,338542.68688532396
1238,174519.24767463992
1239,1003260.0524475469
1240,261673.45142290776
1241,660255.5788018863
1242,457380.28460480913
1243,621730.9867344388
1244,530815.4646168695
1245,1156414.6189979836
1246,782674.3390362546
1247,254208.72071960766
1248,398872.777690512
1249,810874.9534107064
1250,364557.5224192395
1251,513717.408627167
1252,518803.0642688937
1253,973588.6582210885
1254,647461.0229679224
1255,375220.38122771063
1256,439609.7619163232
1257,582021.2902325372
1258,866921.1850880693
1259,276905.1202122617
1260,444608.75768880046
1261,389521.82295374095
1262,684471.957159144
1263,349989.6477815708
1264,816048.4648997484
1265,1147010.4612702564
1266,2129383.206212355
1267,467779.24586650555
1268,237981.35928812076
1269,481370.379254965
1270,315869.8184805965
1271,381125.1618549443
1272,582910.3118839079
1273,799202.1918930762
1274,173010.87196349108
1275,173010.87196349108
1276,183780.05556674197
1277,673177.1511996327
1278,965414.4857721758
1279,596785.4309746473
1280,559386.6363358548
1281,155957.71918370377
1282,384352.56729847717
1283,783689.4687184287
1284,299035.2494257175
1285,700066.0830387912
1286,228322.86367753695
1287,296840.2996255398
1288,212649.2902078511
1289,250542.99595681194
1290,514500.4728829361
1291,338431.16513240326
1292,551009.5876059429
1293,779178.549801164
1294,190211.77171894966
1295,425445.26947078074
1296,409485.4148735496
1297,318654.17635387287
1298,391883.3098682837
1299,738009.121869637
1300,406887.94145933783
1301,325006.65919251426
1302,619773.7983384224
1303,367080.59697432525
1304,1770801.2787562897
1305,194910.67878961784
1306,754474.8722073737
1307,1140280.1758732633
1308,293446.179070172
1309,616193.4438378591
1310,92606.28463907412
1311,300566.35000238183
1312,487956.07019946014
1313,922798.5309960818
1314,243104.1345005139
1315,256945.70135712682
1316,780087.8844804998
1317,1276482.0498155076
1318,428983.46753313893
1319,438391.6279807015
1320,175926.92241677956
1321,490066.20885502116
1322,487198.6710475135
1323,501474.32118870586
1324,391692.27301060583
1325,380879.2415043587
1326,497689.11095380725
1327,678003.5321753729
1328,579479.6579895403
1329,624353.5329090402
1330,193958.93047958694
1331,630974.2700482969
1332,404424.7362851229
1333,395802.39882268675
1334,708819.4053329142
1335,621850.0065959358
1336,1328019.0322258468
1337,453693.0000874704
1338,932366.4314600168
1339,179847.0918550043
1340,539717.3937208952
1341,1255772.9599609277
1342,876470.0717905242
1343,667536.8254143925
1344,531079.738715639
1345,217992.78672364482
1346,713355.8091946613
1347,195528.67614141956
1348,645388.9480485987
1349,383085.6773017674
1350,432874.5165941693
1351,815494.8926660147
1352,334614.3684492648
1353,939121.2127542772
1354,446661.2412916814
1355,375954.23105420463
1356,369395.0570084584
1357,750020.1957478091
1358,478515.2752229007
1359,387196.66708027537
1360,420652.7424414641
1361,791600.6524517325
1362,499229.02570948855
1363,497305.7454705235
1364,167020.2893707353
1365,991164.571860277
1366,571607.1077448787
1367,227162.97175442695
1368,654382.8241463535
1369,584618.0003975615
1370,624187.2617582198
1371,693280.5527517389
1372,392388.7273066029
1373,465401.7348321859
1374,399856.9619134861
1375,558495.6136397581
1376,754928.7563524499
1377,443354.9750287825
1378,401457.25965539843
1379,510099.089187977
1380,711435.284275333
1381,523110.5984090924
1382,464293.60073299066
1383,485435.3060252109
1384,394265.667699139
1385,1137130.3489139904
1386,566956.2560057597
1387,297732.14820913586
1388,275181.4100925053
1389,479549.6986877605
1390,786470.8885396788
1391,307943.2361937399
1392,420564.2475543638
1393,250756.3942614143
1394,541674.4720347271
1395,320399.3949960299
1396,695050.5215257026
1397,492752.5027709479
1398,620519.0000470708
1399,369210.37973020703
1400,506301.609146895
1401,333015.32271321013
1402,447927.3997415564
1403,345910.5361985228
1404,897871.631174784
1405,475334.4355961535
1406,820389.0722291806
1407,541389.9215110895
1408,390817.31046367146
1409,378249.1467707859
1410,672410.3748970361
1411,841832.1238353163
1412,554345.4209386505
1413,340768.9141993391
1414,340768.9141993391
1415,259435.00119897525
1416,259435.00119897525
1417,381135.2934731286
1418,666997.5536137003
1419,589014.4967853328
1420,396308.62389224826
1421,282553.37605531246
1422,490227.64536893123
1423,196031.29296302947
1424,396677.1338391799
1425,1114620.8830492827
1426,1117264.9405956776
1427,242603.1381049956
1428,822249.7429863807
1429,309604.6144368878
1430,334302.1284789323
1431,577891.7083841885
1432,1644251.5545703308
1433,81155.39364580705
1434,403721.39438870817
1435,240530.84031795396
1436,1013246.0266754619
1437,202901.5497685949
1438,241094.4925997738
1439,351135.46575758036
1440,621962.4233421161
1441,1240366.9553523539
1442,224558.95547013718
1443,513326.4091208967
1444,355004.15691009734
1445,171482.45856632863
1446,359468.68957916985
1447,451975.6949836243
1448,282636.86342155153
1449,417381.6298429336
1450,640020.8729742545
1451,443982.26674345706
1452,272441.8661166631
1453,524895.1048462711
1454,703193.5865701028
1455,218153.58665096376
1456,658290.854581565
1457,369049.512645366
1458,942462.8973776778
1459,288836.3646041675
1460,594828.3099690782
1461,133857.99373752426
1462,837278.3481552914
1463,360444.3370525545
1464,560083.7232179107
1465,410026.17484804604
1466,851659.4375797407
1467,599055.9902644631
1468,749917.6425953804
1469,444087.0412567932
1470,753217.1669155405
1471,423543.20202860225
1472,383401.65055283264
1473,383401.65055283264
1474,737392.9853954498
1475,356632.8404063055
1476,402478.4574987177
1477,640403.2586022519
1478,1797757.9919473133
1479,583770.5844472874
1480,795605.8158376998
1481,488457.33299570915
1482,203875.26469356392
1483,251754.09745041525
1484,467534.12726844
1485,1024626.6401749881
1486,1019329.3060172241
1487,559765.6670380299
1488,318100.2125159929
1489,1086683.856932146
1490,490423.45520094724
1491,332049.01495283784
1492,1478921.5978213474
1493,600237.1424945727
1494,180234.13916805328
1495,650806.3015496231
1496,334994.94695705606
1497,750068.695648942
1498,322841.16447948536
1499,671785.4976989551
1500,727175.4984259886
1501,1787399.8706206526
1502,914139.8953075005
1503,1269499.7448121663
1504,717529.887203642
1505,565742.1372453178
1506,470356.62798669154
1507,396763.8954029168
1508,456350.6518674494
1509,413614.39778403996
1510,509576.9956250462
1511,307284.60642033594
1512,906328.5105973048
1513,448594.62010885694
1514,400614.6900594133
1515,479456.66436250496
1516,1060236.4295479627
1517,709360.6231857968
1518,258152.69791056577
1519,445444.03400219174
1520,546123.8135228105
1521,149500.1372100216
1522,723025.2577389189
1523,598941.4646905028
1524,757571.077434902
1525,476059.9841151583
1526,284588.1395897056
1527,556649.0184400658
1528,751921.4427403411
1529,611210.8765622979
1530,501730.709066443
1531,332937.8102064937
1532,454712.19485084235
1533,445644.7866588199
1534,648419.1376005098
1535,536325.1099335848
1536,898959.2501754068
1537,751428.3769689993
1538,1917476.9813664462
1539,710907.251735306
1540,480289.02695567755
1541,818998.3315596184
1542,765011.7277505974
1543,637970.600648464
1544,516076.00536757114
1545,239782.04613901454
1546,630416.7638847776
1547,187882.46123797202
1548,573538.8737294954
1549,412706.5853000615
1550,561943.276318784
1551,215490.03991184954
1552,254433.00473821082
1553,530956.7389801486
1554,921403.8541990445
1555,548577.2379940817
1556,470061.9539272712
1557,479457.4506552996
1558,1556078.070641303
1559,751749.6825033374
1560,955754.2353689898
1561,617947.6037716978
1562,324856.10062353674
1563,568097.4652032797
1564,515661.71063796466
1565,192983.65227218217
1566,199998.29890295572
1567,389056.2701618279
1568,377157.17753302783
1569,414454.25660630397
1570,816618.3231913656
1571,772519.3279000422
1572,719583.9073249152
1573,628890.4453190471
1574,775059.182776868
1575,195957.73078148707
1576,831506.4709888626
1577,495850.3537531822
1578,876506.6690585177
1579,336456.044858327
1580,932839.0299415331
1581,214706.206877672
1582,484779.27559233655
1583,225810.06721912802
1584,296245.803119735
1585,1349622.4410929596
1586,547192.6717365006
1587,394084.8932427295
1588,361072.12641783047
1589,472801.6451791896
1590,265298.1228697378
1591,508537.69408831524
1592,1479394.7530272752
1593,291345.9436994399
1594,626600.3286939111
1595,361614.974195158
1596,436193.0658342169
1597,660525.2405920791
1598,372298.8595449327
1599,552728.9179501828
1600,925976.3480188834
1601,327151.64323194383
1602,854444.0102281395
1603,562510.2555730817
1604,370993.69993861497
1605,390436.7159213653
1606,804762.0218896669
1607,229767.59931285132
1608,377893.78017461824
1609,512883.15169178334
1610,321264.66146195855
1611,366686.0132911437
1612,685091.9959947016
1613,373305.1482191641
1614,527943.3332104502
1615,243360.25241621898
1616,461591.75162848865
1617,590471.0855741649
1618,254628.81414733327
1619,484127.7218055319
1620,736656.1526478973
1621,1017840.383360023
1622,1093391.7660978846
1623,272650.75757525454
1624,1682112.3534512431
1625,175977.62749883148
1626,607653.1470526751
1627,292109.39539282524
1628,566078.4268767989
1629,581527.7475314966
1630,483692.0285963117
1631,381495.150735119
1632,392928.98689394037
1633,830463.0839372046
1634,667865.5717895582
1635,385924.90725482965
1636,960654.606306485
1637,364446.4876530055
1638,450321.5494847143
1639,733253.6428484813
1640,279921.250665811
1641,429273.61194140103
1642,761953.7490703847
1643,301190.9552187972
1644,354178.74651737313
1645,594501.5583006445
1646,202398.12527851516
1647,359702.6266275401
1648,120322.70465199684
1649,110875.65249927237
1650,526260.6667775252
1651,1034305.5302044895
1652,49305.62778224051
1653,611301.1640411773
1654,292707.457921574
1655,499436.29780662793
1656,325581.45195662405
1657,460217.2707322644
1658,784676.6633525108
1659,463268.94235316094
1660,390307.8690863742
1661,597476.0125964243
1662,483642.544466575
1663,344151.65387971036
1664,315440.4338858855
1665,1019468.0654512699
1666,321919.3490940196
1667,713587.1592451873
1668,624980.0934182593
1669,323446.86540736596
1670,301709.35970774165
1671,756468.2784843921
1672,457623.0453264421
1673,327518.7729417995
1674,632869.9609921881
1675,350115.76756766916
1676,577160.3047126025
1677,554258.7929302062
1678,938838.617347645
1679,536586.1768176301
1680,466092.38854824926
1681,832158.9248976075
1682,522881.52520995715
1683,557370.6214606367
1684,585982.830321683
1685,1538899.6722733811
1686,661598.8076908303
1687,720716.717187185
1688,624332.1971567293
1689,651358.7047221808
1690,1033674.9875123537
1691,318095.8549895395
1692,894664.4303551564
1693,266709.7590641385
1694,854348.6174072713
1695,273204.85504865076
1696,193445.94550646597
1697,394470.39622784464
1698,409532.2202850414
1699,527201.4803972408
1700,458782.0556550479
1701,1280848.0399282803
1702,1280848.0399282803
1703,414243.3604037954
1704,268110.1206453269
1705,151642.93034989585
1706,676403.8090853774
1707,126089.43503660813
1708,216131.32717831584
1709,587458.9603058557
1710,470706.5834806388
1711,554206.388449916
1712,1002253.2946924038
1713,505503.1129520392
1714,331943.1574331665
1715,243629.71615498431
1716,383357.4902732865
1717,726349.6684359763
1718,504410.8300730969
1719,339096.2677008499
1720,1070102.0945597682
1721,495437.6984242395
1722,593193.4548933407
1723,372377.88134758326
1724,598120.0864431249
1725,746869.507499707
1726,610908.0981160939
1727,1967417.8139310954
1728,151932.76649443887
1729,342486.9304370185
1730,391441.8025442584
1731,399245.4383124333
1732,586776.0546106858
1733,587713.7073069919
1734,728504.968953438
1735,661416.1165969347
1736,789721.521458852
1737,546874.39028011
1738,134770.7410574
1739,683475.4456333519
1740,351941.9400621896
1741,883677.4724657204
1742,793397.2367534613
1743,655457.0348477714
1744,283419.22667234123
1745,659268.580568032
1746,277256.37636340305
1747,431561.7017756802
1748,423913.93200826354
1749,630955.9161025373
1750,251782.1595256623
1751,809947.1190704895
1752,504443.2008478794
1753,846711.9911900259
1754,523186.8377591906
1755,332337.3980758431
1756,1033224.0726417863
1757,391355.1045022361
1758,338732.7210873283
1759,417384.95181846374
1760,715695.4337467366
1761,216753.88469092047
1762,327322.6396223173
1763,1238096.4208102566
1764,150050.1836365146
1765,963891.6202803709
1766,508122.8658756091
1767,394643.71781584586
1768,481562.6215367479
1769,310119.5233808259
1770,375712.211840378
1771,386551.47690299957
1772,231140.36574054032
1773,872980.4596168209
1774,807823.5103164389
1775,295323.571376677
1776,414298.7624912519
1777,621715.5945455501
1778,1333154.166416597
1779,364445.2943068665
1780,325551.53538759507
1781,458723.0529987145
1782,670792.6717496974
1783,504818.75811388565
1784,290211.73591102625
1785,252005.47058653983
1786,110535.45198457094
1787,302001.7931724201
1788,800935.6587822811
1789,370210.94280391803
1790,894148.2219011768
1791,521564.82796691207
1792,498550.5674545941
1793,879120.5671600386
1794,466733.07325922104
1795,611522.4418342923
1796,496526.9956239589
1797,203551.6411588214
1798,908137.6745463592
1799,413660.30803395284
1800,199501.75202014053
1801,1057792.9911720385
1802,149245.2595099666
1803,603358.6191065399
1804,396249.3485645681
1805,507234.3341670482
1806,487403.8033850816
1807,1101143.6212541265
1808,193601.94990545546
1809,724158.2600812005
1810,365269.262183549
1811,817047.7307971771
1812,971447.494948795
1813,385443.4121943825
1814,1410239.8198558758
1815,314562.19440778776
1816,639948.6604367114
1817,502161.24324577034
1818,945133.5293304235
1819,624867.542501605
1820,685377.2314452905
1821,288519.66658916895
1822,437476.30925429694
1823,335109.77424237656
1824,735205.497604245
1825,222921.74178432312
1826,647905.2861173089
1827,858797.2368702415
1828,296322.0764557397
1829,763728.6705143253
1830,338817.75580018864
1831,41795.99617378332
1832,113702.1127344208
1833,716275.8162152484
1834,562838.4873117103
1835,359576.62820450205
1836,298169.8269745853
1837,592689.1480938435
1838,289085.27017109154
1839,278286.91492929414
1840,850034.7489841656
1841,355739.9859995354
1842,914099.370575118
1843,1038617.354810814
1844,347733.4878232101
1845,308314.2212976065
1846,48272.71043059847
1847,473162.13393486233
1848,103542.48478044977
1849,477312.1681108818
1850,458040.3529338065
1851,321128.60288215044
1852,781186.2442649979
1853,491004.0154321181
1854,427777.33196379023
1855,838729.4058749821
1856,357485.0732075212
1857,452338.07307952957
1858,1627267.5437660604
1859,986511.051999028
1860,378270.65242620546
1861,491794.88285571325
1862,652094.1076975575
1863,798845.001746798
1864,536329.3903108361
1865,165256.27950065315
1866,1116445.8643339737
1867,435574.81403922674
1868,602008.8940863559
1869,327983.86091623956
1870,580955.55667242
1871,597752.1786117553
1872,447098.25772088126
1873,504039.25617237564
1874,344313.13235243305
1875,342440.48078195204
1876,612737.0893236304
1877,198853.11195038387
1878,512948.38934642624
1879,317596.38094632735
1880,449726.48958096106
1881,225141.70528254367
1882,950825.8778624368
1883,86020.66946348886
1884,359879.6240135372
1885,331318.2577425578
1886,451711.47978237073
1887,738459.5886285562
1888,963591.4190974865
1889,468049.3919392271
1890,510000.7269200975
1891,691238.4798171666
1892,402848.01170697634
1893,390636.5081333519
1894,848962.1662173033
1895,513899.3108049795
1896,347392.857463464
1897,246630.16978142026
1898,1059051.3558423715
1899,367261.9092744532
1900,739298.38930947
1901,472645.9513056184
1902,299173.35090011393
1903,309605.8773510206
1904,860281.5059120095
1905,444469.19644334086
1906,957968.3198918392
1907,767659.2013239997
1908,256350.2962423315
1909,562110.7991600699
1910,368720.3002436146
1911,1007270.7684187792
1912,1075585.5759742358
1913,1032164.2496886182
1914,288672.8916954467
1915,771824.4876391412
1916,688922.5902170289
1917,516594.2871913776
1918,377099.74218050495
1919,415809.9317831703
1920,415809.9317831703
1921,235104.4539554714
1922,571136.2005180229
1923,888802.6683199307
1924,608018.7056628101
1925,1839834.3838100494
1926,532387.746158257
1927,505974.43333693815
1928,544999.01233025
1929,328522.93850490765
1930,792383.1543958081
1931,253331.71779731114
1932,692049.825169461
1933,290028.8412727007
1934,165557.01021127787
1935,254411.7455671673
1936,1408919.5372240678
1937,390074.2732944166
1938,259216.3509069885
1939,440105.3294634101
1940,338407.9999444076
1941,1483281.307507507
1942,272132.4804393515
1943,690905.1062109127
1944,160542.624977677
1945,506867.4698366568
1946,1257868.148277199
1947,394451.30159119365
1948,297720.84548357374
1949,769490.6016307777
1950,511053.95001069654
1951,651364.6416536934
1952,606821.2389515993
1953,710068.5408236495
1954,598797.4179750256
1955,501296.769144073
1956,414415.42085915885
1957,293222.53267495136
1958,397171.9874298229
1959,160958.37822434062
1960,240761.5090720622
1961,624429.3291018602
1962,189504.67296171084
1963,1012210.8660663188
1964,574239.6928903892
1965,1309342.0903156558
1966,584750.4633698127
1967,566440.282008754
1968,1004654.4077679164
1969,338825.9050977357
1970,1252253.297667095
1971,257743.14763580926
1972,1147790.383528546
1973,437219.80645563675
1974,494466.112713616
1975,362740.1519344136
1976,198795.6882573386
1977,307793.5867063255
1978,562832.3467469696
1979,607838.8419738949
1980,1095632.811794818
1981,429702.11182262574
1982,1324004.186857773
1983,632101.7744620164
1984,978214.1839667392
1985,515084.00587918947
1986,1256956.1099306527
1987,222760.35986226855
1988,491220.0774583501
1989,183393.7829224452
1990,582154.775662324
1991,955134.2014786327
1992,443974.6958795636
1993,322943.60439250164
1994,278051.19367109996
1995,218628.2397915834
1996,730380.3477280698
1997,370931.2029476712
1998,241570.40666672064
1999,498956.45762314193
2000,306549.47006023175
2001,705329.5023340507
2002,446077.91811131046
2003,226085.55264985387
2004,279676.7309239522
2005,479493.8734847902
2006,459094.383517329
2007,836253.6744169252
2008,717754.5581612891
2009,237485.35129971348
2010,354175.8552180062
2011,255277.38086253905
2012,601626.6974590599
2013,395180.5447354977
2014,250566.99781457812
2015,515327.2137247886
2016,375559.3300540928
2017,296374.5249912889
2018,285916.09016986645
2019,304094.83266252454
2020,657506.7655002623
2021,425446.7707161823
2022,178860.2527388219
2023,539787.09029667
2024,548218.1414557878
2025,764913.502877969
2026,315507.9823404568
2027,473491.34262992267
2028,481150.05665029737
2029,926937.6530134642
2030,484439.13312374044
2031,511004.3842228475
2032,756976.3776752971
2033,1287866.4468342243
2034,1127073.5353506557
2035,962496.1934175779
2036,339083.94584529323
2037,859411.2373728541
2038,540818.2180986326
2039,383652.8498524957
2040,848986.8539349152
2041,503753.49517143925
2042,344887.113652449
2043,531923.4218631798
2044,1440806.906825407
2045,367172.38401694817
2046,367172.38401694817
2047,732176.9268721173
2048,672802.7810141739
2049,624880.410849959
2050,578839.09678863
2051,739613.447347157
2052,589698.9731676508
2053,525162.941285221
2054,-97540.98227507086
2055,814393.7469067102
2056,226667.91498269758
2057,380708.78937223705
2058,389597.57031547546
2059,757981.3402643754
2060,255644.00669419777
2061,1160159.7174063297
2062,614566.306650859
2063,475232.1967723352
2064,294166.5232780193
2065,667774.0813369827
2066,513927.1157861828
2067,1334148.454055518
2068,308837.0029089254
2069,356744.2198123374
2070,600281.4038644665
2071,375487.67036440305
2072,918517.204436802
2073,556467.6813845771
2074,330280.008145844
2075,968092.9926829467
2076,716281.2152233716
2077,322542.54828767956
2078,374564.3421898893
2079,452969.3685562861
2080,334008.3475491287
2081,391032.6872525
2082,305145.6954607939
2083,443252.23459223437
2084,512201.5628839546
2085,420787.5603652204
2086,548787.945786717
2087,205154.5073118863
2088,393640.1245260531
2089,634751.521101606
2090,393361.8663150276
2091,875281.4060275172
2092,459799.5601837289
2093,578859.6577396634
2094,48886.26821776363
2095,585920.2081809131
2096,422910.7252704535
2097,903282.7622783199
2098,344897.5855848786
2099,901915.0067340719
2100,486773.5595690756
2101,372971.81064090796
2102,263896.83597221074
2103,377043.1606425588
2104,493225.0740347431
2105,825467.8314146291
2106,587415.5897364562
2107,703853.4995707263
2108,617540.5081763548
2109,364807.02592563035
2110,392636.2014528619
2111,293977.6997541998
2112,974000.7547515564
2113,1108126.7064388394
2114,613480.8619489552
2115,245590.1090514384
2116,239917.47139105585
2117,676139.2392189027
2118,622544.3255276886
2119,279110.7496795583
2120,548570.3485295697
2121,110852.1778030697
2122,426054.1627541833
2123,287110.82729646505
2124,488098.67358279915
2125,566453.2374422442
2126,211023.27984634193
2127,295630.5700558572
2128,519314.9064223565
2129,744390.9948294627
2130,595764.8458859612
2131,708049.500301042
2132,330951.854477476
2133,562792.3088381136
2134,61717.58244598319
2135,785920.2989812904
2136,309598.93608365406
2137,459768.7390281962
2138,106893.28276989993
2139,756156.2918844995
2140,573523.2870454349
2141,586966.7550673109
2142,509339.83620261506
2143,1217866.410904807
2144,827816.5740407748
2145,482284.7929268441
2146,542842.3491269291
2147,332953.0372153191
2148,172746.07993845583
2149,770224.4188925013
2150,645520.7450972492
2151,418126.29907893215
2152,604834.3537508746
2153,778104.8517791593
2154,682415.3028126148
2155,562061.2407543283
2156,1413397.9470930714
2157,304989.61859347543
2158,215973.02820005582
2159,618368.2323300027
2160,1047046.4492055519
2161,327185.37758732575
2162,-557020.541694331
2163,298718.1153325656
2164,1168608.2700633435
2165,642292.3251839288
2166,402084.7935195776
2167,253889.32017614704
2168,379057.60521797545
2169,326625.8031909376
2170,405978.6439883559
2171,1197593.0078183669
2172,392821.40933314536
2173,657198.0317179315
2174,723092.6552299993
2175,621770.5010767936
2176,790774.7255899512
2177,594293.2616264216
2178,921317.910309547
2179,596627.4764112759
2180,337036.04400786257
2181,631251.6155350051
2182,103051.23180915776
2183,176544.53907716845
2184,533932.277236493
2185,223644.00717983686
2186,285799.1956716917
2187,358248.92821277224
2188,117017.14974401414
2189,1102461.8900391776
2190,697592.0797306966
2191,444407.29190290195
2192,246302.2499270764
2193,627225.7875235617
2194,1183150.2854757714
2195,677741.6364639873
2196,473126.4040823615
2197,398333.75536612736
2198,281571.71011295763
2199,478628.1188224837
2200,519860.5709539972
2201,287666.1386484505
2202,851573.9032038654
2203,549968.7864440867
2204,305759.75643117365
2205,268914.36493569904
2206,409510.9719144142
2207,265295.1049036413
2208,124055.99920085317
2209,355256.2470487425
2210,277881.847555488
2211,517077.9538197293
2212,436112.969653156
2213,445627.1018282763
2214,578032.4037817226
2215,572749.3876343226
2216,577637.6697991296
2217,470492.54894417466
2218,709333.1840911937
2219,523966.5552699488
2220,372229.4736308084
2221,351173.4213212227
2222,284431.14402490074
2223,721476.4178193168
2224,362189.1981209606
2225,177978.2265283555
2226,378208.97110220103
2227,495356.14673839475
2228,474057.0227737421
2229,389790.05300198623
2230,314273.50031283277
2231,354940.72182444984
2232,516640.89280030143
2233,318375.25133424706
2234,346078.6747323616
2235,367964.4501860823
2236,1055217.4668352548
2237,1276096.185438727
2238,531195.9519723974
2239,1128989.0878566778
2240,308167.7398601748
2241,1445262.715504561
2242,301415.01219792815
2243,341592.326991449
2244,501036.6088152289
2245,562856.5710794661
2246,282423.38222231774
2247,770433.4664909664
2248,417402.1143935638
2249,339747.48532262386
2250,725611.8653589835
2251,191788.17019578547
2252,724853.9944087995
2253,354997.55382319295
2254,389561.00117206026
2255,181148.4286261095
2256,345564.468118345
2257,969870.9529444195
2258,394140.1117484468
2259,509640.1745342965
2260,356084.98745474394
2261,363745.9106878728
2262,388382.8919522889
2263,388382.8919522889
2264,1338257.3542585033
2265,701047.7672516805
2266,773224.6664970551
2267,428795.1202414882
2268,884004.9468061017
2269,402906.7603638546
2270,723922.7063516438
2271,402298.86697283864
2272,1540757.0682025743
2273,359893.0993144958
2274,1324526.2308380115
2275,334226.3250631987
2276,704535.4779255317
2277,234306.1388486171
2278,502191.93063551735
2279,697793.6200958855
2280,354229.2412623832
2281,566856.5111774489
2282,206130.74027070345
2283,580837.908996117
2284,160951.83353382314
2285,690859.5968543804
2286,740690.9256220328
2287,401511.58949769323
2288,183133.94299943664
2289,721853.9479060675
2290,671986.5823883313
2291,494462.90729531867
2292,304580.8405812591
2293,988950.2237670991
2294,307063.03685824794
2295,191836.43517975218
2296,420344.6360531001
2297,801542.8446268564
2298,222258.4883797114
2299,284987.57495022204
2300,266003.82729072485
2301,412681.1168308236
2302,178775.6324854683
2303,331824.711368163
2304,1001625.1368327354
2305,414789.3266746084
2306,514420.647374357
2307,83547.92883332807
2308,504551.6493797492
2309,411218.38489389245
2310,1627349.6185832042
2311,321046.2767061648
2312,495890.3363279662
2313,286068.15956976183
2314,519047.19284856424
2315,717965.1526109927
2316,422633.1239815919
2317,726664.0797733372
2318,325338.6354127958
2319,499713.3814075157
2320,388369.8285494376
2321,706734.0184844007
2322,608309.0221755196
2323,1378292.2359527997
2324,852834.0170526601
2325,507083.51014808204
2326,241596.89447513048
2327,332837.6603207077
2328,331706.67291977454
2329,1072980.1049350272
2330,1068557.5523205814
2331,309876.0845550102
2332,1290086.0618983512
2333,226120.99794111203
2334,699426.3033682312
2335,706758.4239525566
2336,1142666.4041736415
2337,311667.28716640885
2338,325188.5729510082
2339,709014.3539477856
2340,581522.2573119119
2341,185602.7761383882
2342,351089.6961323976
2343,427193.9325085251
2344,382625.44451445166
2345,824144.7841669823
2346,455789.42031948257
2347,450521.51200282073
2348,720032.5493991341
2349,415938.0207957624
2350,381223.8649542838
2351,788925.5561852941
2352,424059.9585358227
2353,854645.0870704047
2354,470825.03922005196
2355,376790.8488291452
2356,374361.5142242772
2357,949362.5928930402
2358,378332.56350646995
2359,825695.7763997646
2360,98146.94125120004
2361,553024.4151105491
2362,433435.6645980448
2363,315382.8387160831
2364,291633.1105703827
2365,295702.9077181503
2366,482062.473675975
2367,693709.0263476657
2368,853191.8135566689
2369,409239.67061342613
2370,288026.9595311509
2371,417698.58166656026
2372,171210.1470250307
2373,535327.921028708
2374,282333.7895695021
2375,138897.15036576276
2376,316469.91392149904
2377,850327.7024143067
2378,671935.4658484781
2379,422256.57838168635
2380,1081619.1425535586
2381,788760.2358140686
2382,872339.3046192621
2383,390877.3539080826
2384,161539.26413485233
2385,428186.7543785762
2386,518742.98363663314
2387,1055365.1113369213
2388,335113.4862554433
2389,580462.4983662762
2390,379049.2579176476
2391,1028046.8452597113
2392,783729.381520548
2393,463633.42246141436
2394,942821.6644545611
2395,835504.5966689015
2396,811052.1264882166
2397,377873.1514550244
2398,208237.61331498867
2399,465994.79717648996
2400,387618.81241038616
2401,302483.2298967693
2402,286926.6189005993
2403,564553.8538126902
2404,350761.1911378711
2405,270005.6568147136
2406,402393.81399726344
2407,205190.15526705596
2408,518658.42452096066
2409,491941.3478587483
2410,401288.88817570836
2411,443042.0272932196
2412,471415.5252618607
2413,382618.3591492489
2414,685474.5362504454
2415,237902.5273340448
2416,459569.0555072016
2417,718066.9305642977
2418,1019657.252446635
2419,816036.8666646943
2420,721614.9712653715
2421,504875.3205855916
2422,251588.74186826556
2423,354011.62904793804
2424,489524.5366659806
2425,390238.847467363
2426,523850.90027656534
2427,324895.2324480199
2428,577679.7538128212
2429,634680.9769209985
2430,513838.5725592369
2431,669759.546050527
2432,580423.9153303636
2433,563617.8548263666
2434,823239.2781915647
2435,847372.9160461157
2436,633662.7236299595
2437,224615.41456858336
2438,421318.78000209865
2439,983323.1238803301
2440,308684.0314495816
2441,1158436.7214261782
2442,197100.9907070651
2443,677958.241526144
2444,121465.52077345538
2445,557250.2333045214
2446,1304240.9132335358
2447,404400.96800268523
2448,141292.63562453643
2449,502953.4597357722
2450,582843.5194547082
2451,359204.40684695134
2452,129195.43649196334
2453,1098756.0738261603
2454,638937.5221264419
2455,417815.04282792297
2456,733549.0957607814
2457,529879.1601293084
2458,710385.8612977191
2459,195027.88746807736
2460,286065.02794652677
2461,1109974.5665562889
2462,630170.6060596675
2463,1019893.8570484155
2464,370653.30047851324
2465,470872.88489840354
2466,285474.449956942
2467,390467.2451661703
2468,1326531.8161241123
2469,953425.2810334942
2470,308227.2487411116
2471,381724.20940107235
2472,173104.2891265637
2473,591112.6539658682
2474,1548770.7273475886
2475,106049.75174561644
2476,628128.8260699314
2477,770685.7226798179
2478,442960.1767986511
2479,162948.5614534159
2480,660642.5105008784
2481,589157.6283711729
2482,461008.74919488386
2483,255198.99500094668
2484,391510.3719915127
2485,904813.0978300768
2486,573247.406386916
2487,1390895.0170617248
2488,382990.3117565814
2489,813909.7783738788
2490,653761.6768913333
2491,1009729.5471576859
2492,402376.64616794616
2493,398658.8108776136
2494,484557.5923958459
2495,510732.8204104438
2496,161180.1879948267
2497,345718.45449474675
2498,406181.4656042742
2499,463157.5256272274
2500,1024732.0240040744
2501,491555.01239196735
2502,390994.1470334331
2503,791301.1669003178
2504,367961.1089736655
2505,302382.38312542916
2506,415798.32019298885
2507,357698.09263542073
2508,511878.86974874244
2509,529348.4863074702
2510,341778.0952457603
2511,367488.743554613
2512,771353.3587636008
2513,941181.318747169
2514,255200.08454000705
2515,410878.3607042873
2516,872414.2813842475
2517,234684.44915806304
2518,406877.67838499194
2519,831966.6500709847
2520,672233.7654519371
2521,956809.4667481602
2522,459018.3836608458
2523,548653.0228695426
2524,1264995.774484951
2525,223413.00012715824
2526,1026016.5801069589
2527,411109.03407146817
2528,503217.6526113249
2529,931996.4705668284
2530,232387.47585399926
2531,379244.98183664016
2532,379506.9921552165
2533,1361698.794056662
2534,545300.5304500192
2535,1409401.6913536214
2536,291842.34011070884
2537,508365.5930068387
2538,626596.3805630779
2539,638318.3821828376
2540,437001.45168202335
2541,985272.8391025584
2542,595532.6355596256
2543,772494.6103715076
2544,423973.3667329176
2545,592110.0110829315
2546,417104.77098231774
2547,1023702.2854089987
2548,406576.6683119653
2549,498647.5562604758
2550,320001.92402884003
2551,451166.26416538574
2552,685553.2015350844
2553,353929.2343314226
2554,825817.3826971228
2555,371557.2742711933
2556,445807.09173960786
2557,652519.3015731262
2558,1162453.057937147
2559,756130.6562281578
2560,665600.774157697
2561,594813.2193841735
2562,574144.5899106452
2563,285563.2260733462
2564,276301.7733923703
2565,495041.568987582
2566,1217783.8530269414
2567,726941.5346377733
2568,2017334.009084878
2569,960862.0121388858
2570,214028.53642041923
2571,484327.96785130154
2572,592795.382469481
2573,464003.5389290716
2574,334380.0414897242
2575,730063.9178290659
2576,298229.5964383284
2577,221053.56011672167
2578,814696.1800869739
2579,458029.2347063784
2580,572683.0933144375
2581,569085.444451826
2582,425685.49526158103
2583,340027.79070316686
2584,496307.9949564362
2585,446990.5719250032
2586,1090386.6973397261
2587,542779.4565300454
2588,439528.2982797419
2589,1210580.5235961117
2590,261692.70919548662
2591,821253.1548192889
2592,370160.3518722175
2593,390505.72289600887
2594,455799.48866837437
2595,228443.2745242113
2596,1077381.2713771812
2597,821419.9616263619
2598,492689.64170065953
2599,473885.0359598695
2600,550831.142114553
2601,267552.62908423145
2602,643067.0616477033
2603,233376.93357076438
2604,291100.4001371538
2605,958243.2270547721
2606,1016099.1435037534
2607,432069.9357222422
2608,408205.252426413
2609,372953.99566083134
2610,179930.05431664467
2611,556934.522113697
2612,653729.8163227272
2613,511923.1425536821
2614,510318.2996013573
2615,508011.30974121194
2616,453634.81330405094
2617,895018.1076802487
2618,817627.9187335215
2619,361453.29165022785
2620,334658.1605361601
2621,679469.1581072347
2622,796000.9845344409
2623,531167.5471402892
2624,214084.24300245487
2625,419807.1276056034
2626,690897.5299165911
2627,632291.2201113551
2628,344035.567735606
2629,302027.6857918134
2630,641185.3913617003
2631,373087.1228602807
2632,357876.74074631196
2633,307874.7221843827
2634,366691.4480760357
2635,311157.47023312293
2636,575994.2576864391
2637,246459.30814179673
2638,1198847.7419852782
2639,298230.6233028505
2640,618614.639178937
2641,449178.57808296115
2642,658399.2879236584
2643,239882.52407561743
2644,550494.1328131753
2645,352870.38313331536
2646,335898.82941028744
2647,619550.3151362637
2648,439096.2361998727
2649,222633.20134381612
2650,544836.1928591408
2651,498661.81160711905
2652,425060.06437922094
2653,362414.58872058115
2654,612831.7369023695
2655,746482.3835141336
2656,767363.943823652
2657,475961.18669765454
2658,817649.9771680293
2659,326005.9078985291
2660,807080.6851516512
2661,567894.4414782828
2662,411280.00740528025
2663,227530.37085723865
2664,720668.6056112138
2665,648851.0222014483
2666,925458.4291645453
2667,578252.5529860934
2668,614988.515640275
2669,800100.2248121005
2670,243371.5871701768
2671,1044043.9935775438
2672,322835.4620819761
2673,815581.5110598115
2674,692925.718213909
2675,164224.57576854888
2676,339511.1791339427
2677,643875.971432194
2678,571844.9682652642
2679,778703.5529505325
2680,653882.0750641729
2681,1369762.3375978195
2682,701645.6795088655
2683,911547.8689034599
2684,404381.45051094994
2685,160476.13438029645
2686,383954.6173940789
2687,1003022.3823229169
2688,407424.45364303526
2689,610555.4690860083
2690,521382.2094732303
2691,824251.7277829814
2692,335756.1555984245
2693,377033.49821007194
2694,1652338.867010457
2695,401260.37937753217
2696,655990.2475504788
2697,1230254.9077572245
2698,641398.6313562331
2699,650587.5767909057
2700,488943.9573559541
2701,236926.12589278806
2702,380079.75836125587
2703,292788.0941797254
2704,223809.0799770424
2705,358924.86899587105
2706,239892.4580853075
2707,365178.19712152483
2708,160533.3865015955
2709,611360.35117192
2710,342739.3166781011
2711,294085.82050567784
2712,204829.9480073735
2713,404075.11966548406
2714,557862.8150638709
2715,1464542.471965462
2716,461568.4860439807
2717,618955.7658064895
2718,378712.44800449756
2719,451269.6469081737
2720,1533165.6632268876
2721,247392.6573117891
2722,449776.82942765637
2723,96666.62003861915
2724,729789.4971706985
2725,221778.9770838056
2726,746659.5872695606
2727,278935.58971485647
2728,245703.40635934437
2729,954180.4149233283
2730,629432.3394000801
2731,337729.8022641634
2732,318565.5984556399
2733,216479.42075492616
2734,433994.6810536698
2735,1071108.6846891316
2736,250955.2485248387
2737,782308.6567850526
2738,916476.0426506501
2739,306413.44988260104
2740,578827.1935650782
2741,446724.41122038534
2742,778770.0714013035
2743,660442.3947502439
2744,619836.1790599952
2745,361811.2287405919
2746,328238.14528352243
2747,896303.5029254652
2748,293457.9191877552
2749,722459.2324614123
2750,506947.6063832472
2751,418279.9581999219
2752,734090.8615353449
2753,365959.7974201046
2754,560071.2106433335
2755,360899.65884297725
2756,551593.1386535784
2757,675240.6648246221
2758,903903.506124854
2759,950991.3108160648
2760,588823.6145117503
2761,277974.8882501953
2762,361894.26220608514
2763,444627.8823987675
2764,444627.8823987675
2765,441450.57244044554
2766,308276.57919672213
2767,352358.8036744542
2768,222632.68791155505
2769,384665.2890442427
2770,508740.7373326096
2771,515107.6653051415
2772,297043.0497019532
2773,405068.19548055914
2774,500647.1237360422
2775,333884.6978207248
2776,593617.7463334758
2777,1033214.6246723594
2778,391147.55654711707
2779,1475498.9494170104
2780,345930.4366173815
2781,686067.1403738229
2782,1378474.7860480566
2783,419058.08288544684
2784,633051.524327608
2785,628674.9599622638
2786,486065.161754995
2787,676208.8950679508
2788,425485.93462296005
2789,477406.19224454777
2790,653077.7285201334
2791,358930.543621634
2792,377458.34613108134
2793,511927.7591906899
2794,889409.7529524901
2795,1124875.0741825337
2796,495455.63487480825
2797,1092410.9784391392
2798,359869.35518690164
2799,620046.557743555
2800,721494.871110761
2801,499914.55287510424
2802,1313189.8635224318
2803,328072.75804506324
2804,714051.3018372502
2805,160972.33500184712
2806,1130128.8342870697
2807,327781.68388587364
2808,802367.8042848342
2809,224198.7243404045
2810,358815.75367787445
2811,583284.8227018443
2812,710496.4997090538
2813,628728.0526186427
2814,673544.3591920832
2815,437282.63000286405
2816,444164.68199197797
2817,447914.71413723275
2818,751084.8434939916
2819,326949.9706092699
2820,307913.08321865427
2821,414294.4970521111
2822,364678.45861816045
2823,214102.8750291766
2824,599301.8530835492
2825,628396.8362142717
2826,380148.88287338393
2827,672894.3300218506
2828,189009.0259485721
2829,425520.1780818397
2830,452469.37157946534
2831,660767.6032610514
2832,421961.5380620692
2833,571784.2376245781
2834,332701.872216344
2835,849932.7800923291
2836,825779.2248692097
2837,414038.9674176808
2838,403215.2120425167
2839,493725.20504893956
2840,274746.55652200256
2841,742134.5329418242
2842,342624.4825799434
2843,563086.5479283036
2844,391671.9128307566
2845,356086.4145762705
2846,1286132.2041339525
2847,579236.3042107875
2848,413050.5158061889
2849,225119.22712578543
2850,764827.4015392159
2851,685396.8603573804
2852,685492.8083017884
2853,889841.3379319626
2854,721817.3846898143
2855,455849.71535329835
2856,394681.84515743086
2857,300659.39028155233
2858,714729.5397171554
2859,365731.184937531
2860,310149.01036322734
2861,326822.8334729661
2862,1548337.9959146515
2863,456609.8831549493
2864,1291260.8575205714
2865,428061.6555089444
2866,523814.13279971096
2867,790221.3610226043
2868,120317.43334320362
2869,469175.41385018954
2870,138995.86789808853
2871,1035214.6648772642
2872,429198.57396735076
2873,530587.6497973114
2874,390905.2521580573
2875,663744.3439616965
2876,1066756.1748848893
2877,419471.85172329436
2878,987071.5268859918
2879,522529.0687860468
2880,650158.6575994923
2881,549290.6612452903
2882,670434.8452225417
2883,452129.5834196777
2884,913905.8479135201
2885,424938.9264056551
2886,423075.5425721995
2887,321073.04743784235
2888,875271.3179341113
2889,571428.7314003553
2890,744325.6404220219
2891,744325.6404220219
2892,512545.3589629339
2893,340156.71807137935
2894,1075256.4332187679
2895,611846.2412692666
2896,429984.611673199
2897,322278.9236357325
2898,407906.09930666734
2899,885677.6611315937
2900,315500.1094033943
2901,723653.501066048
2902,436945.70968199
2903,732860.2087320079
2904,417952.6202506992
2905,700621.3048207072
2906,726713.9297253186
2907,1066392.0695875753
2908,851902.8841811266
2909,503304.5974060254
2910,606272.4408989196
2911,543366.3394082024
2912,607267.8558528306
2913,1038132.8076670103
2914,868577.9264887652
2915,806336.7499769757
2916,673795.2743610583
2917,475537.2471947867
2918,383233.2612723793
2919,530598.2502964347
2920,718925.0470102077
2921,285982.7450243876
2922,383434.57243668556
2923,385338.93148112076
2924,660341.4886783088
2925,500518.98215402465
2926,1036668.199313651
2927,400917.15413019166
2928,458089.76985510986
2929,371242.4057396132
2930,217536.658547731
2931,326040.16613429214
2932,380798.5182018612
2933,755357.1964614658
2934,1251891.607182925
2935,1008833.4133411996
2936,487660.54091620503
2937,353833.43977785844
2938,506531.3820843756
2939,579167.5247484766
2940,428286.727098636
2941,367968.7847859686
2942,573766.4272780587
2943,1452194.7251371741
2944,508932.5723242046
2945,459990.3545389791
2946,736713.9381774609
2947,713079.0823018573
2948,757445.7725143026
2949,833855.649704036
2950,265370.29780191125
2951,686604.1138715575
2952,622419.1784336454
2953,360804.2250099733
2954,952292.9631017077
2955,641401.5431465217
2956,382226.8549791983
2957,1391186.2339529083
2958,680915.2370505809
2959,394681.84515743086
2960,914980.2377471077
2961,940616.9503744679
2962,806534.729334199
2963,432072.2355343377
2964,425912.14905444917
2965,535416.0513307896
2966,310906.75784282584
2967,953425.3067051073
2968,503373.42315266526
2969,262867.7844298313
2970,346926.5793545408
2971,687717.7433045815
2972,655091.2552024088
2973,597962.1889930476
2974,704762.3513834017
2975,540110.0759048891
2976,377369.5802756507
2977,1328165.596429578
2978,499230.3263566309
2979,401748.3028759757
2980,594083.9320755893
2981,447045.6163860989
2982,568075.8697713203
2983,140451.78031236085
2984,323907.4777983312
2985,1054145.044091634
2986,160959.0117244235
2987,310216.6693026236
2988,787712.7758412944
2989,295660.8821475861
2990,829326.5763075427
2991,666434.7305854479
2992,265578.05762376206
2993,613820.9901272805
2994,294253.1655323353
2995,506232.9765110066
2996,385368.34680197935
2997,308117.2941533312
2998,641462.5943077033
2999,230100.38446886104
3000,978094.2042732112
3001,239627.90902724222
3002,378966.54584297433
3003,123627.05781472556
3004,300474.7584127673
3005,1500486.4604105884
3006,1519140.432952764
3007,253306.12990499602
3008,354836.79289372
3009,304004.2796815563
3010,303190.29814553715
3011,741763.1594630108
3012,586530.2853283515
3013,602503.651035695
3014,258245.03298805386
3015,784616.3872746237
3016,596574.3255004407
3017,468019.77030927234
3018,417359.0602544715
3019,872413.6798182536
3020,551854.4501837977
3021,333261.24814034195
3022,335846.99898386153
3023,220917.61123637634
3024,225716.15646104782
3025,677992.7504583542
3026,755920.2986785077
3027,514779.536159024
3028,448017.81898861646
3029,458732.49578987167
3030,284882.5379823415
3031,217753.8732133304
3032,1229014.7344606179
3033,428507.71916076087
3034,411208.80398590595
3035,2078558.2209129413
3036,1484696.7818165855
3037,774558.1092565203
3038,503171.7968231888
3039,425373.1711674341
3040,647995.5052532878
3041,693029.7515781674
3042,374477.1844444821
3043,480979.23569366906
3044,343900.96272435004
3045,248997.66176665213
3046,583850.6467743841
3047,314396.0456956258
3048,203575.80047320633
3049,451274.53850108373
3050,1249445.7456433345
3051,802644.1240158082
3052,1049823.3394522625
3053,749605.3944421477
3054,745290.9258927308
3055,1246349.4570988147
3056,346812.85667284543
3057,264951.1209408975
3058,346550.5782122117
3059,818992.530451283
3060,775454.9760256967
3061,311860.032183536
3062,373712.15902703826
3063,436119.98288247397
3064,520391.2770047757
3065,814456.9081138709
3066,258257.50783969776
3067,723313.8546758132
3068,491462.69320918235
3069,399809.1069130377
3070,269846.7686072731
3071,345804.90457410493
3072,499806.25049134006
3073,767680.840521877
3074,321312.92831493134
3075,487343.12368003244
3076,468940.24007623026
3077,306039.03531793214
3078,730848.7470942704
3079,832219.3601809138
3080,758497.3532950262
3081,931650.6013623936
3082,138708.156318867
3083,601184.5688267649
3084,416604.97712606855
3085,798076.2106271604
3086,747423.1992143869
3087,603921.1725779708
3088,834633.6871058877
3089,444159.82835209987
3090,365162.77647403127
3091,1219771.8875847342
3092,407236.2892955929
3093,347683.2940004434
3094,310086.5741449635
3095,347232.43618981226
3096,76887.30504409329
3097,589157.5770279468
3098,173523.07744307572
3099,329401.47499056475
3100,189501.75795911357
3101,719834.8582151822
3102,638936.7811097823
3103,378443.2312318814
3104,356432.1886161453
3105,171364.22447696503
3106,1191682.8637351408
3107,495808.67620016483
3108,602238.9472599683
3109,658565.0907303191
3110,104387.97555674531
3111,401137.0448572122
3112,587535.3368666178
3113,147025.53693667718
3114,765331.6073197968
3115,438653.03879999125
3116,457868.5747163425
3117,1030913.4807921437
3118,387818.8712098865
3119,369767.1286096362
3120,135613.96672120586
3121,526148.9418114956
3122,451919.4855712714
3123,307708.57957119483
3124,664171.0430999416
3125,353892.1150146468
3126,236703.63210011146
3127,567163.7996081972
3128,966030.329863228
3129,527879.2256838317
3130,676363.784244368
3131,1011827.9402684079
3132,820593.8897268382
3133,307112.81669297407
3134,420860.6263151489
3135,1091593.352131309
3136,840033.0313243325
3137,319668.0693608216
3138,780226.1952436216
3139,498379.84584933065
3140,694738.0468619018
3141,459018.3836608458
3142,300064.5826980338
3143,385286.815646991
3144,1208358.6650042906
3145,685977.4919996344
3146,645389.5969879184
3147,328623.9912272837
3148,655989.7052117678
3149,685643.9563997787
3150,314409.89631621854
3151,1793432.2612230033
3152,365076.2478916218
3153,312399.13159883104
3154,657467.562187282
3155,420458.0741708471
3156,367978.518714588
3157,364684.50569461414
3158,403269.5444496776
3159,174860.40609576425
3160,526230.5772592138
3161,684095.1811314389
3162,1290283.8982266164
3163,806783.8408369826
3164,465145.78966130887
3165,779336.3711348678
3166,218811.88122668036
3167,828863.0510308259
3168,1214439.8500008304
3169,282378.47092353634
3170,1441818.6014625886
3171,537360.3356322766
3172,169758.41700506269
3173,571838.4579717069
3174,613229.738716602
3175,767956.958882115
3176,689799.7840634122
3177,572509.759280413
3178,1037546.7956351725
3179,530598.352982887
3180,230740.5946374965
3181,1647950.0343819428
3182,699865.5393561415
3183,558329.2975135191
3184,402725.5788746715
3185,376671.15466058475
3186,397532.56442173885
3187,312809.14312742825
3188,342630.9768998028
3189,123165.82327178784
3190,328657.49204877263
3191,567387.053850725
3192,369476.32463794516
3193,457111.08561755705
3194,979274.405069844
3195,367164.6839251077
3196,457020.40149722446
3197,574420.0307930753
3198,1094605.1116362028
3199,939528.165570832
3200,225568.03837320732
3201,666974.275566708
3202,539313.7806120944
3203,772103.5624515103
3204,496537.1130922261
3205,208646.93274305074
3206,791316.2006028177
3207,366551.1484473677
3208,357404.6117166347
3209,926191.065781759
3210,901806.2470661626
3211,801671.4800185269
3212,676292.1596408476
3213,229675.444072954
3214,374998.6622483885
3215,432819.25013393036
3216,179507.2931945721
3217,379523.91492508084
3218,348889.66641403164
3219,522209.83479180594
3220,362766.5698655037
3221,378888.9485070758
3222,341862.99077492056
3223,415788.61632325465
3224,258603.51321227115
3225,823990.6975308998
3226,369635.14900079847
3227,392227.07601275935
3228,910352.242431675
3229,365220.1650191067
3230,858399.5382768757
3231,356774.4916277168
3232,671153.1456011242
3233,398943.04782037076
3234,455789.42031948257
3235,763866.4071073417
3236,362166.7444578669
3237,1089075.4134461735
3238,320699.16890708136
3239,505021.3450345468
3240,794945.4948202743
3241,512212.72038011474
3242,281358.5276442816
3243,261254.56741043192
3244,1040228.790340983
3245,1335079.7900184337
3246,189670.5262614804
3247,220504.4508796268
3248,316403.8974355672
3249,353985.7799789604
3250,326360.9980307127
3251,373087.1228602807
3252,791348.1127469983
3253,239893.1255472469
3254,315042.8412117803
3255,332591.3861248492
3256,334855.92915130465
3257,311200.63719662896
3258,619800.3886078178
3259,744279.5953817928
3260,239328.99185155623
3261,375841.76889967883
3262,382395.8085127274
3263,498860.52235824463
3264,377774.4565103947
3265,509560.11300707597
3266,391960.5896411027
3267,314191.456280735
3268,558364.3755142175
3269,309853.2712489556
3270,939808.8989432658
3271,655686.9632275997
3272,270101.4706827473
3273,1507577.1580999908
3274,524288.8941382711
3275,443553.45254636917
3276,388661.109458204
3277,500776.1105968371
3278,308268.03054957546
3279,1015647.7931557103
3280,366856.80421652563
3281,281809.7091287378
3282,454863.773493962
3283,346229.61317086
3284,163139.15137320908
3285,259061.18445608614
3286,519235.17370256444
3287,716159.5630671877
3288,1623372.4309749366
3289,205418.782472995
3290,268338.1220944327
3291,207858.6069826159
3292,218314.96628490055
3293,912197.0476656553
3294,406457.5390046522
3295,659070.522865127
3296,432348.865015661
3297,801499.0664654324
3298,226251.20087811595
3299,397972.55997588474
3300,684284.4973257073
3301,265110.3608984287
3302,1048262.7008359485
3303,831439.3700278931
3304,436067.05876030505
3305,412976.3037520597
3306,716216.3867688462
3307,310445.32309077436
3308,617012.1493229469
3309,325489.4721238286
3310,472801.63576762343
3311,417008.19744117477
3312,635870.3873296025
3313,240085.47523284855
3314,419305.17620269244
3315,447286.69141811796
3316,422072.88157079916
3317,1106308.8050457714
3318,753607.1406266495
3319,832486.0716595211
3320,269239.3685892854
3321,428249.3757486163
3322,210026.09876411746
3323,210026.09876411746
3324,319018.97931004
3325,639573.6225799465
3326,488914.5901329253
3327,322488.6078587166
3328,314885.8192848285
3329,874919.8058150882
3330,807133.420984968
3331,312428.52559577755
3332,478608.2504016567
3333,1057193.0515041896
3334,529761.6004452353
3335,1071941.758110695
3336,359869.35518690164
3337,378309.50583455607
3338,369849.6828991651
3339,385543.4115829709
3340,223447.22827269987
3341,412475.79825758806
3342,487938.0114638783
3343,480118.5715898591
3344,346115.6690294122
3345,820632.8193804513
3346,392962.0479844614
3347,171764.21844176122
3348,236703.63210011146
3349,562505.8955509182
3350,844339.723938326
3351,503176.07007843733
3352,317338.9503978776
3353,794236.0484606287
3354,672870.8647582942
3355,643791.1784599713
3356,877176.099107653
3357,385187.1885549204
3358,713266.6576261454
3359,326654.68519474554
3360,403543.8686549583
3361,786545.4863104647
3362,494383.58926497644
3363,244884.87091624166
3364,379890.95653589873
3365,726576.3625828499
3366,674780.1298387538
3367,406576.64264035213
3368,818625.5249793053
3369,511768.7587362203
3370,227497.69432598434
3371,878106.236885076
3372,581425.936658848
3373,325662.40667681245
3374,1528849.7268975493
3375,158929.63629231846
3376,899183.3816478044
3377,369049.9210871834
3378,331966.2569117899
3379,531847.8032283882
3380,531847.8032283882
3381,219359.80655323097
3382,592084.2232930175
3383,365019.91442007956
3384,1128059.1072079013
3385,624171.1423547232
3386,988482.6844298275
3387,372633.6356174316
3388,425912.14905444917
3389,826271.7913158241
3390,222185.89406231383
3391,723494.7550859571
3392,863571.8008353616
3393,667638.4983325169
3394,705648.8731427124
3395,918603.5949246803
3396,213589.38451166928
3397,281223.06242657604
3398,358000.7145403534
3399,220845.48181948636
3400,384943.82120464265
3401,324211.04185264267
3402,388733.3360310892
3403,413877.96629934234
3404,530843.895861521
3405,915953.8441644659
3406,500729.29121774144
3407,427906.12737529364
3408,521025.3964243977
3409,312914.52432875184
3410,471186.94581377634
3411,279434.2367147476
3412,394774.4446511209
3413,1235251.2792744576
3414,486418.5657663535
3415,290893.48332541774
3416,168306.7310092497
3417,341764.77434806444
3418,355299.54222970724
3419,316435.57919938734
3420,377650.1734397664
3421,429252.17991509486
3422,616874.6829995482
3423,499963.81187111617
3424,450686.12369566516
3425,332380.8722924326
3426,399566.5486982042
3427,228082.79839459306
3428,377819.40257446107
3429,519611.5655637345
3430,232893.7768431598
3431,664170.1935494415
3432,992861.5597663949
3433,320516.4851212482
3434,474839.3275052981
3435,359859.70266039355
3436,914262.2233650613
3437,319538.6166498306
3438,427912.60223800165
3439,1061602.194105945
3440,569644.7159579893
3441,221104.72251722298
3442,878018.3808226167
3443,552330.5087122448
3444,300263.89672655275
3445,255153.87275539467
3446,258257.25264602702
3447,468804.8415626496
3448,1175990.527728138
3449,501371.0470950011
3450,336413.90132327366
3451,429061.54061234056
3452,320648.7996325084
3453,231543.32607796823
3454,391179.82136619126
3455,776012.8219525357
3456,638506.8480379769
3457,272668.4200839525
3458,552958.3240071245
3459,217079.33386185847
3460,229941.7402215706
3461,807835.377960641
3462,308101.54067883047
3463,652361.6146156163
3464,765683.0468849795
3465,679666.9265936032
3466,256635.15012125776
3467,474884.70098047995
3468,446454.4035548483
3469,253295.7573936606
3470,1042385.9877136281
3471,748351.4235290986
3472,1160326.371823472
3473,747195.1229047024
3474,538271.2429271817
3475,1209969.9272167035
3476,584388.4694793607
3477,1936679.280486337
3478,569671.5814562986
3479,667684.252011726
3480,510695.4351879837
3481,404358.46246185165
3482,378216.4066379004
3483,269925.9829366434
3484,572892.6992774998
3485,834298.3122100712
3486,725141.7664173642
3487,166658.30002043874
3488,630306.7365506237
3489,327830.0067023727
3490,327830.0067023727
3491,94968.26710393408
3492,664769.4442706496
3493,551867.0471558255
3494,541562.6875070006
3495,503160.6831103462
3496,439570.0691159669
3497,557246.029182386
3498,519232.6091469709
3499,584144.0923313344
3500,624891.540075597
3501,749115.837343014
3502,360896.22317086405
3503,433465.92575457867
3504,508189.9233625749
3505,259006.27104897925
3506,246139.90879220294
3507,330687.7909846221
3508,509568.3316822314
3509,343491.4373172895
3510,417638.3219353721
3511,486534.1580396892
3512,639090.4632788341
3513,513524.5838649551
3514,573333.6214307969
3515,215800.97628900583
3516,613324.5348809581
3517,136135.17804455
3518,536807.5150353882
3519,1030936.7323289664
3520,441088.2545616942
3521,218639.05922264315
3522,511878.86974874244
3523,1148630.2367907995
3524,412002.99020186777
3525,572866.5826778958
3526,873438.3219081362
3527,368621.28233197413
3528,985384.4556731108
3529,220944.23700957967
3530,393538.5363995406
3531,562858.9677474803
3532,624515.8468593374
3533,1068360.7955909446
3534,905254.8867338015
3535,520391.2770047757
3536,910919.6540983099
3537,490958.6036266271
3538,1061744.3078278615
3539,869618.0235069374
3540,1507497.8508029259
3541,371557.2742711933
3542,422511.20764457376
3543,459461.4643838807
3544,402851.14328393864
3545,596214.5635212195
3546,645040.048795625
3547,809019.3736836029
3548,1596363.9416034217
3549,314240.4072608823
3550,695078.5426485393
3551,1412544.2441300876
3552,294794.5168541175
3553,974429.2869595791
3554,582806.6698660386
3555,282180.3049117512
3556,327029.08301568974
3557,582392.989297615
3558,388639.58269036317
3559,453395.55982957815
3560,596862.1795521897
3561,607004.6988334834
3562,842335.363403651
3563,96868.44762343715
3564,649902.0371119938
3565,326596.3228213409
3566,469900.4180699383
3567,465727.7222609747
3568,338233.9247663891
3569,307089.342550621
3570,308708.9253114398
3571,502828.21845360834
3572,380801.2228365644
3573,498106.9212041077
3574,978026.5505224707
3575,787331.8551837021
3576,727359.0347034741
3577,330193.3556131186
3578,461427.51933424815
3579,417635.2670134186
3580,316395.48029808386
3581,611969.5821068775
3582,1079930.2537827753
3583,405649.09646208596
3584,1151234.0761232441
3585,534478.8523473745
3586,323241.0010800244
3587,646103.4827863466
3588,290683.1471113084
3589,343224.2578661606
3590,380798.5182018612
3591,492366.590181715
3592,792703.3851718492
3593,298231.3164364031
3594,443471.67407123477
3595,543363.0514342632
3596,671146.9276708971
3597,309853.7011377438
3598,367775.45922554156
3599,377906.4058480625
3600,558665.5724788877
3601,355805.0982340198
3602,1291433.8742678044
3603,326034.7289637482
3604,633116.646220524
3605,772616.8378968184
3606,222203.66317206866
3607,1056766.7852860247
3608,841173.9445756908
3609,228639.28931591066
3610,327275.7551569339
3611,472128.16006996145
3612,1094121.1450039283
3613,285405.51538428466
3614,404486.2974621457
3615,563530.3456498558
3616,269370.0784483276
3617,192683.8639461157
3618,287344.2433241921
3619,635450.5743612178
3620,395397.2530785365
3621,395509.6887292188
3622,451785.0798260841
3623,209143.784443844
3624,351274.89887980104
3625,332775.6588993737
3626,336104.13612249645
3627,375012.3946038453
3628,304189.7760858479
3629,534585.9941964076
3630,1438555.5626670439
3631,1179992.1653978522
3632,356774.4916277168
3633,1721845.5705906786
3634,256021.88675979048
3635,259123.53474099294
3636,433759.1252481231
3637,767357.7770849281
3638,414281.18137087056
3639,434157.98978902295
3640,374483.8978884587
3641,164990.2759750198
3642,218228.02193675924
3643,852797.3437026431
3644,901730.0224619136
3645,433998.45478078874
3646,445518.8451243058
3647,350124.84079511336
3648,333432.01075213647
3649,593797.9480044396
3650,1065304.438930275
3651,352705.713705205
3652,362258.7467145204
3653,307272.1406758978
3654,772189.4148913851
3655,686532.2097422582
3656,386343.46437418007
3657,270494.23651944625
3658,677024.3599626768
3659,492140.20273624256
3660,359072.66349701013
3661,538687.8480455818
3662,394709.3301063172
3663,667073.011685423
3664,421650.80878130335
3665,404223.41798377305
3666,733641.2952555645
3667,540508.2207265127
3668,381790.5319630209
3669,459195.58446703234
3670,310261.8662782955
3671,277711.70291327627
3672,101122.44711759209
3673,327107.5483318876
3674,560927.8933203226
3675,208917.10687175917
3676,1032693.8910869338
3677,851375.1394433902
3678,273026.60833657684
3679,24909.86207447981
3680,337815.6922861653
3681,499027.2659526729
3682,430751.31225222803
3683,1430844.688841079
3684,795404.2918880318
3685,825996.7597603576
3686,451153.5007475718
3687,258397.3065188803
3688,240916.37626493478
3689,455971.58462806547
3690,333029.606671838
3691,1048621.7735765674
3692,952250.8391033431
3693,397790.3169109303
3694,440877.33396912285
3695,373210.73823799903
3696,326950.17598217435
3697,676935.8980865631
3698,763297.6432885319
3699,568068.7260433562
3700,369632.0427356189
3701,604884.6514274235
3702,556458.6635798063
3703,658106.3675637009
3704,560054.8768966923
3705,369767.15428124915
3706,1356186.2975592734
3707,955845.8731908415
3708,490762.4750233918
3709,429198.57396735076
3710,419760.6204770481
3711,875525.5319764415
3712,396460.9631153856
3713,356768.369451115
3714,401059.5165458174
3715,511790.80202371615
3716,236039.721472422
3717,352043.3276393303
3718,523628.9567065815
3719,712804.972987814
3720,611124.5188320806
3721,695510.0965740607
3722,736508.5757663936
3723,793299.6472449567
3724,262166.3427227045
3725,192683.8639461157
3726,227200.33187911438
3727,457434.879260776
3728,429109.299913854
3729,329406.403940271
3730,378214.4847079223
3731,365315.6544792942
3732,503697.9872852393
3733,175522.15403836023
3734,1010969.4204505772
3735,516214.6953946018
3736,689873.808353095
3737,271238.62015993276
3738,202101.8246186386
3739,454197.97096961306
3740,729529.608091727
3741,306707.7850782209
3742,596439.1971044141
3743,936742.1862969619
3744,935039.0708454779
3745,639965.3836876721
3746,500322.8476505651
3747,299651.8264980874
3748,85947.15342720819
3749,450815.19068107277
3750,1406814.2362315804
3751,482122.05160692905
3752,280932.2445977455
3753,290319.68359756994
3754,303388.07371988415
3755,676574.1737889188
3756,402094.7930073625
3757,179930.05431664467
3758,621289.8242398404
3759,992090.1304496928
3760,2098845.2038962003
3761,368682.341658973
3762,897627.2479928472
3763,703033.541618029
3764,762539.4069049399
3765,754614.1511783021
3766,208931.08445417986
3767,911735.8262694915
3768,274029.7062207436
3769,787670.5845063444
3770,792165.7579417004
3771,234295.9124049364
3772,560556.9205739828
3773,645898.9655029852
3774,745411.4927750592
3775,121697.00988245744
3776,746486.4422110968
3777,254999.91781069397
3778,629048.4064573514
3779,514541.04393000493
3780,156115.77364974597
3781,583754.4607005223
3782,860995.7070585297
3783,679366.8541717905
3784,387484.4438833507
3785,444747.1807742367
3786,508676.49193514895
3787,399284.00756878464
3788,423000.3009646464
3789,274592.72496812476
3790,321851.03361623187
3791,542496.6621900377
3792,759731.3509465529
3793,519847.9797072123
3794,548449.2530724363
3795,512051.24438026536
3796,378984.5224530649
3797,184513.694711496
3798,906318.8173660963
3799,496797.5672030441
3800,678903.3062725273
3801,619896.6707786991
3802,269221.66929802124
3803,304983.8746494978
3804,601795.8052465684
3805,265102.6479547579
3806,731451.523552227
3807,816997.5980040656
3808,459575.54380465567
3809,282939.14077709254
3810,500496.8075651977
3811,274505.91197078757
3812,987606.7017576714
3813,793047.2761648056
3814,498692.1269736752
3815,958572.556771288
3816,193377.23425126902
3817,443194.95833596645
3818,398197.2247616296
3819,221104.72251722298
3820,298130.28181469126
3821,556734.7273407198
3822,490406.10624612507
3823,373065.1800390299
3824,964033.7412107553
3825,412149.93402510614
3826,398091.48386008095
3827,418094.1363669905
3828,823011.5498102139
3829,688138.2386935066
3830,985886.2480150218
3831,495549.27614020475
3832,902768.1050555151
3833,581702.643912811
3834,205068.27884474013
3835,574264.0247322986
3836,342632.10645077715
3837,157988.8640745409
3838,684521.3956346522
3839,291537.4887704697
3840,737420.8180451061
3841,616667.6247925448
3842,530896.4510815941
3843,596350.1408333069
3844,628868.2789250017
3845,207157.67763497925
3846,455447.79521399236
3847,169912.47298925824
3848,674540.4495011751
3849,181194.65988589858
3850,216551.4290712712
3851,1092639.7766353865
3852,529529.0834609169
3853,904591.3253184069
3854,791024.8111795905
3855,823263.6806835771
3856,683854.190843708
3857,868449.0879075587
3858,1142810.147347509
3859,958501.6090951521
3860,1148195.191284324
3861,111067.36854464968
3862,384943.6377115486
3863,607028.310363904
3864,961478.9116284753
3865,414535.3294645586
3866,255635.37179854198
3867,555472.0129078355
3868,1017867.7449950344
3869,338191.49875895155
3870,392709.89639235137
3871,582568.1081636205
3872,985325.7744082861
3873,1054440.7323308946
3874,507516.2588479022
3875,726407.6642772242
3876,1036129.6421235438
3877,208240.42702840164
3878,466342.02499659394
3879,973679.7438969066
3880,411235.97264554456
3881,673881.7493968828
3882,526325.722075716
3883,492750.06199167937
3884,549786.393419312
3885,961342.563630591
3886,576694.2413415251
3887,568817.7803604588
3888,745750.684855779
3889,705699.1677191051
3890,374818.2926789435
3891,714024.3021954325
3892,376219.74791670043
3893,289499.526846456
3894,340929.2955747846
3895,323841.915700497
3896,669284.5730733018
3897,173348.48314627341
3898,519296.118268971
3899,388023.160987561
3900,519000.87115541834
3901,356768.38178380986
3902,739055.3104071148
3903,508679.1401843183
3904,595110.6470143463
3905,446750.6121203884
3906,739525.5178617466
3907,355679.69463766075
3908,483326.74810417567
3909,407224.8969090638
3910,431273.35498287587
3911,1967447.6685615457
3912,640449.3234884591
3913,333263.9953031038
3914,841892.4886621434
3915,408645.04775867343
3916,746198.8778523392
3917,725719.0085763257
3918,1258071.8525086734
3919,326207.7123014891
3920,375336.49254403205
3921,206363.37673771603
3922,390942.2175966444
3923,611965.7313649195
3924,708463.9361249275
3925,315461.1475396232
3926,168661.79964126984
3927,332335.4175885896
3928,325407.3143331724
3929,721608.3696458795
3930,288734.205861451
3931,258082.37919115264
3932,220624.053167991
3933,555961.7196474011
3934,351327.83851179585
3935,520777.04686432297
3936,345835.37132351415
3937,995304.0852540379
3938,257443.9548829837
3939,606313.900191879
3940,269955.7587398476
3941,645715.9898200164
3942,277758.3824554264
3943,694673.6879431178
3944,564134.9651667633
3945,634025.6601675559
3946,173104.2891265637
3947,756130.8064607423
3948,360009.84162696276
3949,340672.07282883336
3950,569856.1638596979
3951,302119.2223067017
3952,339134.25847335125
3953,714497.7176428415
3954,560352.8754647729
3955,508315.7693363655
3956,584958.5351579826
3957,398225.2662715366
3958,652375.1249352979
3959,513632.7982712077
3960,522111.97194769525
3961,597432.1596997672
3962,374131.5294442818
3963,421555.7330034167
3964,1032712.2713166788
3965,747557.1753187677
3966,213622.61643475352
3967,560931.1794548655
3968,1403142.0924053541
3969,712298.937423773
3970,681916.3911837173
3971,839915.4387850511
3972,454163.164724182
3973,627686.5186155274
3974,484372.0573332169
3975,523608.1811603351
3976,672907.9928394087
3977,493660.13024603354
3978,470850.8851710948
3979,314095.9699953684
3980,356802.9539570258
3981,370500.9930983578
3982,242709.40575914446
3983,763245.4373611306
3984,449272.85203324433
3985,650819.2655816694
3986,508470.7473538505
3987,296918.05050006986
3988,382625.44451445166
3989,283279.1706388894
3990,333235.2125045267
3991,404507.0736859186
3992,506225.0237970563
3993,1041902.1906589036
3994,538750.2202420902
3995,299331.23375585245
3996,392914.3641397144
3997,648150.5738582975
3998,688309.2908421346
3999,315161.6441609588
4000,582195.1487992116
4001,418753.3139462712
4002,218228.346506019
4003,327330.3537458173
4004,684937.7124093658
4005,215762.6782481448
4006,527436.2613918359
4007,498054.20534247195
4008,403068.4218413407
4009,225188.67417964584
4010,198628.20224285603
4011,634924.2455230769
4012,426996.64760392637
4013,298848.24952569895
4014,535810.8177804594
4015,308268.1075644145
4016,300176.39722114627
4017,225078.7448556124
4018,379122.87232189544
4019,654076.0859824173
4020,1435189.8620021655
4021,368419.75888818584
4022,510099.2016670088
4023,657608.3063113895
4024,697781.3068744099
4025,272807.2195078215
4026,1125421.257087816
4027,578252.5016428673
4028,756915.8490982243
4029,515398.9071833956
4030,794191.4695078371
4031,1198428.6487335847
4032,839758.1387410044
4033,1007689.8507548425
4034,369893.29512276116
4035,495844.606429099
4036,101413.86694182816
4037,834772.5755642144
4038,837934.1168084812
4039,369922.9012317603
4040,619676.6840436059
4041,509606.3778348629
4042,255916.86477692716
4043,1553625.5990187726
4044,227987.964433818
4045,98002.37327263842
4046,772052.9426611824
4047,328624.00566506793
4048,160466.2821872098
4049,415257.52074521163
4050,341066.0472688455
4051,711354.0880725539
4052,604330.636336683
4053,548818.1970675365
4054,1936627.6068891333
4055,704231.6305369603
4056,865781.4339552236
4057,380737.1143708866
4058,563819.3050020762
4059,502809.709171909
4060,718748.5499999843
4061,192467.009788507
4062,397310.8687425797
4063,564155.1701700942
4064,629460.4659268676
4065,820910.5410616494
4066,376278.7559022679
4067,667285.8208083072
4068,535696.7358068364
4069,717348.5292406756
4070,147246.72300971427
4071,724569.834681946
4072,255131.2240074639
4073,484559.08021324466
4074,320406.96032815066
4075,221054.56130963087
4076,268627.68445031915
4077,824577.441159231
4078,1096343.7578197792
4079,514310.7008971585
4080,260275.7488112062
4081,388450.55267892045
4082,1185023.5296409777
4083,468299.5578323951
4084,733020.486584864
4085,1059136.6718590278
4086,205018.94118835416
4087,312834.00350835256
4088,341292.7422682779
4089,412172.4138632644
4090,522681.4685896378
4091,234380.33217516553
4092,534708.2162864901
4093,1022647.5684454351
4094,433957.0368908722
4095,412664.75768209517
4096,235939.2497495656
4097,291585.2377979838
4098,320727.10708088067
4099,332281.8277514606
4100,448128.57360413496
4101,372102.2438556665
4102,462945.33785858063
4103,397929.44594294776
4104,957538.02808425
4105,561980.9208270164
4106,521471.6225879964
4107,326003.46586600726
4108,220707.6861641301
4109,780550.7662996816
4110,324461.98101126903
4111,235997.16871706874
4112,213857.3332230983
4113,870948.1959837397
4114,320148.2553913045
4115,458601.37728705525
4116,312421.28620089625
4117,500391.1411260016
4118,493802.22901595675
4119,535939.8394218705
4120,1020338.2728468425
4121,172019.73886441335
4122,281901.87526092574
4123,759446.3511432136
4124,810911.8653864438
4125,451273.7940243053
4126,341537.6284835158
4127,425543.27679215034
4128,698302.1094132349
4129,634129.2933090456
4130,282804.5990707554
4131,352517.52778068266
4132,166163.26896338945
4133,582668.2001278853
4134,1124171.259243737
4135,805870.4751201872
4136,878291.5944098401
4137,647451.9561684093
4138,406879.98883016675
4139,203203.96092049556
4140,484566.2333065978
4141,629658.4074578361
4142,636496.9986809395
4143,721839.7399501897
4144,415218.2185578566
4145,495855.53466245823
4146,582366.9236499976
4147,343458.8047750228
4148,445576.35778900364
4149,551192.1592904929
4150,298231.39345124236
4151,1015390.9871419765
4152,388094.34402637684
4153,347975.0085711825
4154,254958.19945639197
4155,689976.2807775176
4156,238428.0473277421
4157,334437.4120633373
4158,332241.81752527656
4159,543440.3427052546
4160,823776.593959767
4161,92529.97770214698
4162,351076.145083482
4163,281712.43529935053
4164,303964.6310601231
4165,268801.68500731897
4166,297175.51522919897
4167,537815.0309138863
4168,331161.4190158624
4169,388133.5369363647
4170,986496.9986687911
4171,555631.3265916944
4172,361480.7399945472
4173,345770.9948051629
4174,764381.3509226454
4175,686497.9086338141
4176,391386.4037260023
4177,1313849.6371771707
4178,768658.6978037333
4179,943664.7636918813
4180,178614.9223404663
4181,751326.8677754964
4182,236823.37793288182
4183,941204.5381095611
4184,378309.50583455607
4185,253410.19646911707
4186,317876.4774846047
4187,854715.2852848194
4188,807884.8459820674
4189,445074.4555194775
4190,399256.98521646124
4191,533216.960755709
4192,676129.3556388371
4193,420492.6448446325
4194,1016745.0638774793
4195,1136912.0527273784
4196,1143659.9887170368
4197,640834.7606092243
4198,710792.1985317796
4199,326950.2529970136
4200,718075.4242526974
4201,390458.2601016016
4202,465124.3850085443
4203,624653.4409626912
4204,1082377.147174472
4205,608867.2780644143
4206,618719.610903931
4207,334498.02588619234
4208,353861.18170466495
4209,938842.0261046238
4210,530334.5266483783
4211,1040294.5211289212
4212,360227.130081287
4213,620615.6289867529
4214,750125.5401792909
4215,1292602.0292849191
4216,1897349.612615211
4217,359869.047127545
4218,394160.16270602786
4219,577730.054491691
4220,362648.21238737006
4221,717311.0347911097
4222,208651.58131248213
4223,567719.3824834836
4224,1154916.2032500305
4225,811814.3454568615
4226,322235.58506683295
4227,379626.7119953901
4228,394160.1370344149
4229,349658.10376390524
4230,1244044.9657484572
4231,1319519.2875256357
4232,273190.31693268067
4233,640059.7712303993
4234,979530.2808428019
4235,1197943.8976418017
4236,241223.08393591607
4237,532298.6562250311
4238,436885.40288597473
4239,783328.5837195771
4240,1344969.5259916158
4241,149571.75031652802
4242,1248472.789081016
4243,590207.7076598654
4244,360658.2936495448
4245,365977.53461305134
4246,212354.26230129192
4247,504403.90851735126
4248,138895.61006897956
4249,357369.86392523104
4250,1285580.7975831167
4251,194217.36733694898
4252,638798.22913799
4253,275780.5792742522
4254,497128.17345515185
4255,298623.5379425377
4256,656705.822546319
4257,376499.5354969682
4258,851555.7893809435
4259,418983.8218829826
4260,167499.5101620782
4261,1247026.9294259977
4262,433412.12743234506
4263,570841.4933620548
4264,582085.661959184
4265,314383.08153103373
4266,372529.6726679738
4267,345890.06937663595
4268,454101.7251832768
4269,303233.91868183354
4270,751299.8501518153
4271,1127403.3289343482
4272,836589.186439809
4273,513735.1733319148
4274,691571.9785635023
4275,340354.52375381475
4276,376359.1521984084
4277,529682.4354836858
4278,995676.892631902
4279,326949.99628088286
4280,237213.52405689203
4281,613500.5929462094
4282,240808.99626883806
4283,892416.2180599353
4284,419235.6478154735
4285,647358.1850301559
4286,2014720.985186908
4287,527907.2737012982
4288,136038.24880499893
4289,653322.1818516109
4290,737088.3036068891
4291,737088.3036068891
4292,358350.51202347886
4293,328072.09058312385
4294,203904.22747701092
4295,320451.6247170941
4296,411156.3523163508
4297,396031.88417324924
4298,307238.11009148986
4299,558903.6607358024
4300,1383426.4453920769
4301,533817.757157588
4302,313110.7095799226
4303,1159726.636480296
4304,526385.4297049976
4305,426154.42448813014
4306,791250.1651295536
4307,935961.6123397279
4308,812234.4748868913
4309,947806.8782944655
4310,1223770.9581303592
4311,367143.0403558585
4312,42775.27246113203
4313,530161.7808850928
4314,337240.26685713476
4315,615225.0274816159
4316,841825.9920073868
4317,325402.0372168716
4318,387451.2889751055
4319,443631.7533604874
4320,112385.46359319647
4321,393559.44156158913
4322,116241.07442598662
